arch,tier,target,n_subsets,strategy,subset_val_r2s,combined_val_r2,fine_tune_r2,std_R2,space_R2,time_R2,both_R2,train_time_s,eval_time_s,total_time_s,combine_time_s
STGCN,GRAPH,temp,1,baseline,[0.9565],0.9565,0.9565,0.9181,0.9565,0.9181,0.9565,152.9,28.6,181.5,
STGCN,GRAPH,temp,2,fedavg,"[-99.0, 0.9601]",-49.0199,0.9636,0.9307,0.9636,0.9307,0.9636,259.2,28.1,395.8,108.5
STGCN,GRAPH,temp,4,fedavg,"[-99.0, -99.0, -99.0, 0.9636]",-74.0091,0.9574,0.9265,0.9574,0.9265,0.9574,492.7,29.1,620.8,99.0
STGCN,GRAPH,temp,4,weighted,"[-99.0, -99.0, -99.0, 0.9636]",-74.0091,0.9622,0.9321,0.9622,0.9321,0.9622,492.7,27.7,620.7,100.2
STGCN,GRAPH,temp,8,fedavg,"[-99.0, -99.0, -99.0, -99.0, -99.0, -99.0, 0.9432, 0.9358]",-74.0151,0.953,0.9258,0.953,0.9258,0.953,509.2,29.1,634.1,95.7
STGCN,GRAPH,temp,8,weighted,"[-99.0, -99.0, -99.0, -99.0, -99.0, -99.0, 0.9432, 0.9358]",-74.0151,0.9577,0.926,0.9577,0.926,0.9577,509.2,29.9,639.0,100.0
STGCN,GRAPH,temp,8,momentum,"[-99.0, -99.0, -99.0, -99.0, -99.0, -99.0, 0.9432, 0.9358]",-74.0151,0.9549,0.924,0.9549,0.924,0.9549,509.2,29.7,636.7,97.8
STGCN,GRAPH,temp,8,belief,"[-99.0, -99.0, -99.0, -99.0, -99.0, -99.0, 0.9432, 0.9358]",-74.0151,0.9581,0.9237,0.9581,0.9237,0.9581,509.2,28.2,634.0,96.5
SpatialMamba,SSM,temp,1,baseline,[0.9555],0.9555,0.9555,0.9208,0.9555,0.9208,0.9555,276.6,27.6,304.2,
SpatialMamba,SSM,temp,2,fedavg,"[-99.0, 0.9639]",-49.0181,0.9628,0.9287,0.9628,0.9287,0.9628,339.5,27.6,462.7,95.6
SpatialMamba,SSM,temp,2,weighted,"[-99.0, 0.9639]",-49.0181,0.9634,0.9293,0.9634,0.9293,0.9634,339.5,29.2,467.3,98.6
SpatialMamba,SSM,temp,2,momentum,"[-99.0, 0.9639]",-49.0181,0.9621,0.9241,0.9621,0.9241,0.9621,339.5,28.1,467.1,99.5
SpatialMamba,SSM,temp,2,belief,"[-99.0, 0.9639]",-49.0181,0.9624,0.9266,0.9624,0.9266,0.9624,339.5,27.9,464.6,97.2
SpatialMamba,SSM,temp,4,fedavg,"[-99.0, -99.0, -99.0, 0.961]",-74.0097,0.9534,0.9219,0.9534,0.9219,0.9534,502.1,27.9,633.0,103.0
SpatialMamba,SSM,temp,4,weighted,"[-99.0, -99.0, -99.0, 0.961]",-74.0097,0.953,0.9256,0.953,0.9256,0.953,502.1,27.9,630.2,100.2
SpatialMamba,SSM,temp,4,momentum,"[-99.0, -99.0, -99.0, 0.961]",-74.0097,0.9567,0.9221,0.9567,0.9221,0.9567,502.1,28.2,629.6,99.2
SpatialMamba,SSM,temp,4,belief,"[-99.0, -99.0, -99.0, 0.961]",-74.0097,0.9551,0.9295,0.9551,0.9295,0.9551,502.1,27.8,632.5,102.6
SpatialMamba,SSM,temp,8,fedavg,"[-99.0, -99.0, -99.0, -99.0, -99.0, -99.0, 0.9547, 0.9393]",-74.0132,0.9447,0.9193,0.9447,0.9193,0.9447,530.4,28.0,661.1,102.8
SpatialMamba,SSM,temp,8,weighted,"[-99.0, -99.0, -99.0, -99.0, -99.0, -99.0, 0.9547, 0.9393]",-74.0132,0.9511,0.921,0.9511,0.921,0.9511,530.4,28.7,663.9,104.8
SpatialMamba,SSM,temp,8,momentum,"[-99.0, -99.0, -99.0, -99.0, -99.0, -99.0, 0.9547, 0.9393]",-74.0132,0.9525,0.9148,0.9525,0.9148,0.9525,530.4,28.1,661.8,103.4
SpatialMamba,SSM,temp,8,belief,"[-99.0, -99.0, -99.0, -99.0, -99.0, -99.0, 0.9547, 0.9393]",-74.0132,0.9493,0.9177,0.9493,0.9177,0.9493,530.4,29.2,662.3,102.8
SpatialBiGRU,SSM,temp,1,baseline,[0.9515],0.9515,0.9515,0.9148,0.9515,0.9148,0.9515,190.3,29.8,220.1,
SpatialBiGRU,SSM,temp,2,fedavg,"[-99.0, 0.9642]",-49.0179,0.9605,0.9154,0.9605,0.9154,0.9605,396.9,29.2,535.6,109.5
SpatialBiGRU,SSM,temp,2,weighted,"[-99.0, 0.9642]",-49.0179,0.9602,0.9171,0.9602,0.9171,0.9602,396.9,29.5,536.6,110.2
SpatialBiGRU,SSM,temp,2,momentum,"[-99.0, 0.9642]",-49.0179,0.9604,0.9167,0.9604,0.9167,0.9604,396.9,29.5,536.2,109.8
SpatialBiGRU,SSM,temp,2,belief,"[-99.0, 0.9642]",-49.0179,0.959,0.923,0.959,0.923,0.959,396.9,29.6,537.7,111.3
SpatialBiGRU,SSM,temp,4,fedavg,"[-99.0, -99.0, -99.0, 0.9595]",-74.0101,0.9599,0.9209,0.9599,0.9209,0.9599,519.5,29.3,657.4,108.6
SpatialBiGRU,SSM,temp,4,weighted,"[-99.0, -99.0, -99.0, 0.9595]",-74.0101,0.9596,0.9191,0.9596,0.9191,0.9596,519.5,29.1,659.1,110.4
SpatialBiGRU,SSM,temp,4,momentum,"[-99.0, -99.0, -99.0, 0.9595]",-74.0101,0.9579,0.9276,0.9579,0.9276,0.9579,519.5,29.3,667.4,118.6
SpatialBiGRU,SSM,temp,4,belief,"[-99.0, -99.0, -99.0, 0.9595]",-74.0101,0.957,0.9193,0.957,0.9193,0.957,519.5,29.1,671.1,122.5
SpatialBiGRU,SSM,temp,8,fedavg,"[-99.0, -99.0, -99.0, -99.0, -99.0, -99.0, 0.9468, 0.9411]",-74.014,0.9541,0.9123,0.9541,0.9123,0.9541,705.8,29.7,855.7,120.2
SpatialBiGRU,SSM,temp,8,weighted,"[-99.0, -99.0, -99.0, -99.0, -99.0, -99.0, 0.9468, 0.9411]",-74.014,0.9561,0.916,0.9561,0.916,0.9561,705.8,30.0,857.3,121.5
SpatialBiGRU,SSM,temp,8,momentum,"[-99.0, -99.0, -99.0, -99.0, -99.0, -99.0, 0.9468, 0.9411]",-74.014,0.9501,0.9179,0.9501,0.9179,0.9501,705.8,29.0,856.1,121.3
SpatialBiGRU,SSM,temp,8,belief,"[-99.0, -99.0, -99.0, -99.0, -99.0, -99.0, 0.9468, 0.9411]",-74.014,0.9582,0.9248,0.9582,0.9248,0.9582,705.8,28.3,846.6,112.5
GraphSAGE,GRAPH,temp,1,baseline,[0.959],0.959,0.959,0.9234,0.959,0.9234,0.959,296.2,27.6,323.8,
GraphSAGE,GRAPH,temp,2,fedavg,"[-99.0, 0.9645]",-49.0177,0.9636,0.9318,0.9636,0.9318,0.9636,361.4,28.4,490.4,100.6
GraphSAGE,GRAPH,temp,2,weighted,"[-99.0, 0.9645]",-49.0177,0.9614,0.9313,0.9614,0.9313,0.9614,361.4,27.0,490.3,101.9
GraphSAGE,GRAPH,temp,2,momentum,"[-99.0, 0.9645]",-49.0177,0.9632,0.9288,0.9632,0.9288,0.9632,361.4,28.6,498.6,108.6
GraphSAGE,GRAPH,temp,2,belief,"[-99.0, 0.9645]",-49.0177,0.9631,0.9339,0.9631,0.9339,0.9631,361.4,28.4,498.4,108.6
GraphSAGE,GRAPH,temp,4,fedavg,"[-99.0, -99.0, -99.0, 0.9639]",-74.009,0.9612,0.9281,0.9612,0.9281,0.9612,543.9,28.4,682.4,110.1
GraphSAGE,GRAPH,temp,4,weighted,"[-99.0, -99.0, -99.0, 0.9639]",-74.009,0.9596,0.9259,0.9596,0.9259,0.9596,543.9,28.7,681.6,109.0
GraphSAGE,GRAPH,temp,4,momentum,"[-99.0, -99.0, -99.0, 0.9639]",-74.009,0.9606,0.9308,0.9606,0.9308,0.9606,543.9,27.8,679.8,108.2
GraphSAGE,GRAPH,temp,4,belief,"[-99.0, -99.0, -99.0, 0.9639]",-74.009,0.9633,0.9315,0.9633,0.9315,0.9633,543.9,28.4,674.3,102.0
GraphSAGE,GRAPH,temp,8,fedavg,"[-99.0, -99.0, -99.0, -99.0, -99.0, -99.0, 0.9558, 0.9532]",-74.0114,0.9557,0.9182,0.9557,0.9182,0.9557,535.3,28.9,662.6,98.5
GraphSAGE,GRAPH,temp,8,weighted,"[-99.0, -99.0, -99.0, -99.0, -99.0, -99.0, 0.9558, 0.9532]",-74.0114,0.9568,0.9266,0.9568,0.9266,0.9568,535.3,27.7,661.9,98.9
GraphSAGE,GRAPH,temp,8,momentum,"[-99.0, -99.0, -99.0, -99.0, -99.0, -99.0, 0.9558, 0.9532]",-74.0114,0.9553,0.9255,0.9553,0.9255,0.9553,535.3,27.8,661.8,98.7
GraphSAGE,GRAPH,temp,8,belief,"[-99.0, -99.0, -99.0, -99.0, -99.0, -99.0, 0.9558, 0.9532]",-74.0114,0.951,0.9177,0.951,0.9177,0.951,535.3,27.9,662.4,99.3
GCN_NoTemporal,STANDALONE,temp,1,baseline,[0.9525],0.9525,0.9525,0.9127,0.9525,0.9127,0.9525,73.6,27.0,100.6,
GCN_NoTemporal,STANDALONE,temp,2,fedavg,"[-99.0, 0.9583]",-49.0209,0.9547,0.9147,0.9547,0.9147,0.9547,96.0,26.1,152.0,29.9
GCN_NoTemporal,STANDALONE,temp,2,weighted,"[-99.0, 0.9583]",-49.0209,0.9548,0.9152,0.9548,0.9152,0.9548,96.0,25.8,151.1,29.4
GCN_NoTemporal,STANDALONE,temp,2,momentum,"[-99.0, 0.9583]",-49.0209,0.9545,0.9148,0.9545,0.9148,0.9545,96.0,26.3,151.5,29.3
GCN_NoTemporal,STANDALONE,temp,2,belief,"[-99.0, 0.9583]",-49.0209,0.9541,0.9136,0.9541,0.9136,0.9541,96.0,28.0,153.3,29.4
GCN_NoTemporal,STANDALONE,temp,4,fedavg,"[-99.0, -99.0, -99.0, 0.9581]",-74.0105,0.9428,0.9105,0.9428,0.9105,0.9428,138.1,27.7,196.0,30.2
GCN_NoTemporal,STANDALONE,temp,4,weighted,"[-99.0, -99.0, -99.0, 0.9581]",-74.0105,0.946,0.9111,0.946,0.9111,0.946,138.1,27.7,196.3,30.5
GCN_NoTemporal,STANDALONE,temp,4,momentum,"[-99.0, -99.0, -99.0, 0.9581]",-74.0105,0.9416,0.9073,0.9416,0.9073,0.9416,138.1,28.3,196.2,29.8
GCN_NoTemporal,STANDALONE,temp,4,belief,"[-99.0, -99.0, -99.0, 0.9581]",-74.0105,0.9478,0.9113,0.9478,0.9113,0.9478,138.1,26.7,194.7,29.9
GCN_NoTemporal,STANDALONE,temp,8,fedavg,"[-99.0, -99.0, -99.0, -99.0, -99.0, -99.0, 0.923, 0.9179]",-74.0199,0.9371,0.9082,0.9371,0.9082,0.9371,156.6,26.1,212.5,29.8
GCN_NoTemporal,STANDALONE,temp,8,weighted,"[-99.0, -99.0, -99.0, -99.0, -99.0, -99.0, 0.923, 0.9179]",-74.0199,0.937,0.9066,0.937,0.9066,0.937,156.6,27.4,213.8,29.9
GCN_NoTemporal,STANDALONE,temp,8,momentum,"[-99.0, -99.0, -99.0, -99.0, -99.0, -99.0, 0.923, 0.9179]",-74.0199,0.9405,0.9085,0.9405,0.9085,0.9405,156.6,27.5,213.6,29.5
GCN_NoTemporal,STANDALONE,temp,8,belief,"[-99.0, -99.0, -99.0, -99.0, -99.0, -99.0, 0.923, 0.9179]",-74.0199,0.9439,0.9099,0.9439,0.9099,0.9439,156.6,26.6,212.4,29.2
STGCN,GRAPH,smap,1,baseline,[0.9544],0.9544,0.9544,0.9678,0.9544,0.9678,0.9544,272.8,28.6,301.4,
STGCN,GRAPH,smap,2,fedavg,"[-99.0, 0.9605]",-49.0197,0.9599,0.9659,0.9599,0.9659,0.9599,339.5,28.2,464.8,97.1
STGCN,GRAPH,smap,2,weighted,"[-99.0, 0.9605]",-49.0197,0.9583,0.9644,0.9583,0.9644,0.9583,339.5,27.5,462.1,95.1
STGCN,GRAPH,smap,2,momentum,"[-99.0, 0.9605]",-49.0197,0.9583,0.9666,0.9583,0.9666,0.9583,339.5,27.5,463.0,96.1
STGCN,GRAPH,smap,2,belief,"[-99.0, 0.9605]",-49.0197,0.9596,0.9685,0.9596,0.9685,0.9596,339.5,27.2,461.8,95.1
STGCN,GRAPH,smap,4,fedavg,"[-99.0, -99.0, -99.0, 0.9593]",-74.0102,0.9597,0.9661,0.9597,0.9661,0.9597,455.3,28.1,579.1,95.8
STGCN,GRAPH,smap,4,weighted,"[-99.0, -99.0, -99.0, 0.9593]",-74.0102,0.9593,0.967,0.9593,0.967,0.9593,455.3,28.4,579.6,96.0
STGCN,GRAPH,smap,4,momentum,"[-99.0, -99.0, -99.0, 0.9593]",-74.0102,0.9596,0.967,0.9596,0.967,0.9596,455.3,28.4,582.1,98.5
STGCN,GRAPH,smap,4,belief,"[-99.0, -99.0, -99.0, 0.9593]",-74.0102,0.9588,0.9652,0.9588,0.9652,0.9588,455.3,27.3,588.4,105.9
STGCN,GRAPH,smap,8,fedavg,"[-99.0, -99.0, -99.0, -99.0, -99.0, -99.0, 0.9461, 0.9388]",-74.0144,0.9536,0.9657,0.9536,0.9657,0.9536,592.6,27.3,714.3,94.4
STGCN,GRAPH,smap,8,weighted,"[-99.0, -99.0, -99.0, -99.0, -99.0, -99.0, 0.9461, 0.9388]",-74.0144,0.9506,0.9633,0.9506,0.9633,0.9506,592.6,28.2,715.5,94.8
STGCN,GRAPH,smap,8,momentum,"[-99.0, -99.0, -99.0, -99.0, -99.0, -99.0, 0.9461, 0.9388]",-74.0144,0.9544,0.9655,0.9544,0.9655,0.9544,592.6,27.7,716.2,95.9
STGCN,GRAPH,smap,8,belief,"[-99.0, -99.0, -99.0, -99.0, -99.0, -99.0, 0.9461, 0.9388]",-74.0144,0.9522,0.9613,0.9522,0.9613,0.9522,592.6,27.4,716.1,96.2
SpatialMamba,SSM,smap,1,baseline,[0.9459],0.9459,0.9459,0.9602,0.9459,0.9602,0.9459,309.5,27.5,337.0,
SpatialMamba,SSM,smap,2,fedavg,"[-99.0, 0.9498]",-49.0251,0.9524,0.9583,0.9524,0.9583,0.9524,378.2,27.7,515.1,109.1
SpatialMamba,SSM,smap,2,weighted,"[-99.0, 0.9498]",-49.0251,0.9526,0.9603,0.9526,0.9603,0.9526,378.2,27.6,514.5,108.7
SpatialMamba,SSM,smap,2,momentum,"[-99.0, 0.9498]",-49.0251,0.9512,0.9604,0.9512,0.9604,0.9512,378.2,27.8,514.7,108.7
SpatialMamba,SSM,smap,2,belief,"[-99.0, 0.9498]",-49.0251,0.9532,0.9616,0.9532,0.9616,0.9532,378.2,27.3,512.4,106.9
SpatialMamba,SSM,smap,4,fedavg,"[-99.0, -99.0, -99.0, 0.9408]",-74.0148,0.9481,0.9583,0.9481,0.9583,0.9481,507.5,27.4,632.3,97.4
SpatialMamba,SSM,smap,4,weighted,"[-99.0, -99.0, -99.0, 0.9408]",-74.0148,0.9476,0.9582,0.9476,0.9582,0.9476,507.5,28.0,630.0,94.5
SpatialMamba,SSM,smap,4,momentum,"[-99.0, -99.0, -99.0, 0.9408]",-74.0148,0.9517,0.9594,0.9517,0.9594,0.9517,507.5,27.6,631.8,96.7
SpatialMamba,SSM,smap,4,belief,"[-99.0, -99.0, -99.0, 0.9408]",-74.0148,0.9487,0.9579,0.9487,0.9579,0.9487,507.5,27.2,630.7,96.1
SpatialMamba,SSM,smap,8,fedavg,"[-99.0, -99.0, -99.0, -99.0, -99.0, -99.0, 0.9384, 0.9189]",-74.0178,0.9375,0.952,0.9375,0.952,0.9375,573.2,27.6,709.2,108.4
SpatialMamba,SSM,smap,8,weighted,"[-99.0, -99.0, -99.0, -99.0, -99.0, -99.0, 0.9384, 0.9189]",-74.0178,0.9379,0.9519,0.9379,0.9519,0.9379,573.2,28.6,711.9,110.1
SpatialMamba,SSM,smap,8,momentum,"[-99.0, -99.0, -99.0, -99.0, -99.0, -99.0, 0.9384, 0.9189]",-74.0178,0.9419,0.9547,0.9419,0.9547,0.9419,573.2,27.4,709.2,108.6
SpatialMamba,SSM,smap,8,belief,"[-99.0, -99.0, -99.0, -99.0, -99.0, -99.0, 0.9384, 0.9189]",-74.0178,0.9374,0.9512,0.9374,0.9512,0.9374,573.2,28.0,707.3,106.0
SpatialBiGRU,SSM,smap,1,baseline,[0.945],0.945,0.945,0.9581,0.945,0.9581,0.945,346.2,28.8,375.0,
SpatialBiGRU,SSM,smap,2,fedavg,"[-99.0, 0.9464]",-49.0268,0.9502,0.9571,0.9502,0.9571,0.9502,408.6,27.7,549.2,112.9
SpatialBiGRU,SSM,smap,2,weighted,"[-99.0, 0.9464]",-49.0268,0.947,0.954,0.947,0.954,0.947,408.6,27.6,550.5,114.3
SpatialBiGRU,SSM,smap,2,momentum,"[-99.0, 0.9464]",-49.0268,0.9488,0.9557,0.9488,0.9557,0.9488,408.6,28.9,551.9,114.3
SpatialBiGRU,SSM,smap,2,belief,"[-99.0, 0.9464]",-49.0268,0.9492,0.956,0.9492,0.956,0.9492,408.6,27.9,549.8,113.3
SpatialBiGRU,SSM,smap,4,fedavg,"[-99.0, -99.0, -99.0, 0.9418]",-74.0145,0.949,0.9543,0.949,0.9543,0.949,562.7,27.6,699.8,109.5
SpatialBiGRU,SSM,smap,4,weighted,"[-99.0, -99.0, -99.0, 0.9418]",-74.0145,0.9484,0.9554,0.9484,0.9554,0.9484,562.7,28.9,699.7,108.1
SpatialBiGRU,SSM,smap,4,momentum,"[-99.0, -99.0, -99.0, 0.9418]",-74.0145,0.9465,0.9539,0.9465,0.9539,0.9465,562.7,27.9,698.9,108.2
SpatialBiGRU,SSM,smap,4,belief,"[-99.0, -99.0, -99.0, 0.9418]",-74.0145,0.9478,0.9549,0.9478,0.9549,0.9478,562.7,28.8,701.5,110.0
SpatialBiGRU,SSM,smap,8,fedavg,"[-99.0, -99.0, -99.0, -99.0, -99.0, -99.0, 0.9424, 0.9181]",-74.0174,0.9398,0.9487,0.9398,0.9487,0.9398,770.2,27.7,904.9,107.0
SpatialBiGRU,SSM,smap,8,weighted,"[-99.0, -99.0, -99.0, -99.0, -99.0, -99.0, 0.9424, 0.9181]",-74.0174,0.9368,0.9428,0.9368,0.9428,0.9368,770.2,27.5,905.0,107.4
SpatialBiGRU,SSM,smap,8,momentum,"[-99.0, -99.0, -99.0, -99.0, -99.0, -99.0, 0.9424, 0.9181]",-74.0174,0.9395,0.95,0.9395,0.95,0.9395,770.2,27.4,907.1,109.5
SpatialBiGRU,SSM,smap,8,belief,"[-99.0, -99.0, -99.0, -99.0, -99.0, -99.0, 0.9424, 0.9181]",-74.0174,0.9394,0.9515,0.9394,0.9515,0.9394,770.2,28.1,910.4,112.1
GraphSAGE,GRAPH,smap,1,baseline,[0.9568],0.9568,0.9568,0.9671,0.9568,0.9671,0.9568,270.7,28.0,298.7,
GraphSAGE,GRAPH,smap,2,fedavg,"[-99.0, 0.9618]",-49.0191,0.9633,0.9671,0.9633,0.9671,0.9633,347.0,27.8,472.6,97.9
GraphSAGE,GRAPH,smap,2,weighted,"[-99.0, 0.9618]",-49.0191,0.9612,0.9602,0.9612,0.9602,0.9612,347.0,26.8,466.9,93.1
GraphSAGE,GRAPH,smap,2,momentum,"[-99.0, 0.9618]",-49.0191,0.9616,0.966,0.9616,0.966,0.9616,347.0,27.2,469.2,95.1
GraphSAGE,GRAPH,smap,2,belief,"[-99.0, 0.9618]",-49.0191,0.9626,0.9654,0.9626,0.9654,0.9626,347.0,27.2,468.7,94.5
GraphSAGE,GRAPH,smap,4,fedavg,"[-99.0, -99.0, -99.0, 0.9573]",-74.0107,0.9585,0.9624,0.9585,0.9624,0.9585,539.8,26.8,675.3,108.7
GraphSAGE,GRAPH,smap,4,weighted,"[-99.0, -99.0, -99.0, 0.9573]",-74.0107,0.9582,0.9646,0.9582,0.9646,0.9582,539.8,28.0,666.6,98.8
GraphSAGE,GRAPH,smap,4,momentum,"[-99.0, -99.0, -99.0, 0.9573]",-74.0107,0.9588,0.9636,0.9588,0.9636,0.9588,539.8,27.2,664.5,97.4
GraphSAGE,GRAPH,smap,4,belief,"[-99.0, -99.0, -99.0, 0.9573]",-74.0107,0.9577,0.9615,0.9577,0.9615,0.9577,539.8,27.9,665.1,97.4
GraphSAGE,GRAPH,smap,8,fedavg,"[-99.0, -99.0, -99.0, -99.0, -99.0, -99.0, 0.9489, 0.9356]",-74.0144,0.9498,0.9551,0.9498,0.9551,0.9498,542.4,27.0,666.3,96.8
GraphSAGE,GRAPH,smap,8,weighted,"[-99.0, -99.0, -99.0, -99.0, -99.0, -99.0, 0.9489, 0.9356]",-74.0144,0.9508,0.9617,0.9508,0.9617,0.9508,542.4,28.0,666.1,95.7
GraphSAGE,GRAPH,smap,8,momentum,"[-99.0, -99.0, -99.0, -99.0, -99.0, -99.0, 0.9489, 0.9356]",-74.0144,0.9498,0.9573,0.9498,0.9573,0.9498,542.4,27.8,667.6,97.4
GraphSAGE,GRAPH,smap,8,belief,"[-99.0, -99.0, -99.0, -99.0, -99.0, -99.0, 0.9489, 0.9356]",-74.0144,0.9537,0.9546,0.9537,0.9546,0.9537,542.4,28.3,667.5,96.8
GCN_NoTemporal,STANDALONE,smap,1,baseline,[0.9081],0.9081,0.9081,0.9432,0.9081,0.9432,0.9081,53.5,26.1,79.6,
GCN_NoTemporal,STANDALONE,smap,2,fedavg,"[-99.0, 0.9379]",-49.0311,0.9285,0.9486,0.9285,0.9486,0.9285,94.8,25.8,148.8,28.3
GCN_NoTemporal,STANDALONE,smap,2,weighted,"[-99.0, 0.9379]",-49.0311,0.9289,0.9497,0.9289,0.9497,0.9289,94.8,26.4,150.3,29.1
GCN_NoTemporal,STANDALONE,smap,2,momentum,"[-99.0, 0.9379]",-49.0311,0.931,0.9496,0.931,0.9496,0.931,94.8,26.1,150.2,29.3
GCN_NoTemporal,STANDALONE,smap,2,belief,"[-99.0, 0.9379]",-49.0311,0.9274,0.9492,0.9274,0.9492,0.9274,94.8,26.0,150.1,29.3
GCN_NoTemporal,STANDALONE,smap,4,fedavg,"[-99.0, -99.0, -99.0, 0.9394]",-74.0152,0.9184,0.9455,0.9184,0.9455,0.9184,137.1,26.5,192.6,29.0
GCN_NoTemporal,STANDALONE,smap,4,weighted,"[-99.0, -99.0, -99.0, 0.9394]",-74.0152,0.9181,0.9411,0.9181,0.9411,0.9181,137.1,26.6,192.4,28.7
GCN_NoTemporal,STANDALONE,smap,4,momentum,"[-99.0, -99.0, -99.0, 0.9394]",-74.0152,0.9138,0.945,0.9138,0.945,0.9138,137.1,27.0,193.2,29.1
GCN_NoTemporal,STANDALONE,smap,4,belief,"[-99.0, -99.0, -99.0, 0.9394]",-74.0152,0.9168,0.9476,0.9168,0.9476,0.9168,137.1,26.3,192.8,29.4
GCN_NoTemporal,STANDALONE,smap,8,fedavg,"[-99.0, -99.0, -99.0, -99.0, -99.0, -99.0, 0.9129, 0.9193]",-74.021,0.8964,0.9375,0.8964,0.9375,0.8964,170.3,26.3,226.0,29.3
GCN_NoTemporal,STANDALONE,smap,8,weighted,"[-99.0, -99.0, -99.0, -99.0, -99.0, -99.0, 0.9129, 0.9193]",-74.021,0.898,0.9354,0.898,0.9354,0.898,170.3,26.4,226.2,29.4
GCN_NoTemporal,STANDALONE,smap,8,momentum,"[-99.0, -99.0, -99.0, -99.0, -99.0, -99.0, 0.9129, 0.9193]",-74.021,0.899,0.9365,0.899,0.9365,0.899,170.3,27.2,227.0,29.4
GCN_NoTemporal,STANDALONE,smap,8,belief,"[-99.0, -99.0, -99.0, -99.0, -99.0, -99.0, 0.9129, 0.9193]",-74.021,0.8977,0.9404,0.8977,0.9404,0.8977,170.3,26.0,225.2,28.8
STGCN,GRAPH,moist,1,baseline,[0.5753],0.5753,0.5753,0.5972,0.5753,0.5972,0.5753,292.3,27.4,319.7,
STGCN,GRAPH,moist,2,fedavg,"[-99.0, 0.3502]",-49.3249,0.4302,0.4283,0.4302,0.4283,0.4302,353.3,27.8,480.3,99.3
STGCN,GRAPH,moist,2,weighted,"[-99.0, 0.3502]",-49.3249,0.4363,0.4339,0.4363,0.4339,0.4363,353.3,28.1,480.0,98.6
STGCN,GRAPH,moist,2,momentum,"[-99.0, 0.3502]",-49.3249,0.4338,0.4322,0.4338,0.4322,0.4338,353.3,27.9,485.5,104.3
STGCN,GRAPH,moist,2,belief,"[-99.0, 0.3502]",-49.3249,0.4299,0.4258,0.4299,0.4258,0.4299,353.3,27.8,479.3,98.2
STGCN,GRAPH,moist,4,fedavg,"[-99.0, -99.0, -99.0, 0.2359]",-74.191,0.3372,0.3288,0.3372,0.3288,0.3372,542.3,27.1,677.9,108.4
STGCN,GRAPH,moist,4,weighted,"[-99.0, -99.0, -99.0, 0.2359]",-74.191,0.3371,0.3286,0.3371,0.3286,0.3371,542.3,27.4,669.1,99.4
STGCN,GRAPH,moist,4,momentum,"[-99.0, -99.0, -99.0, 0.2359]",-74.191,0.3351,0.328,0.3351,0.328,0.3351,542.3,27.3,666.3,96.6
STGCN,GRAPH,moist,4,belief,"[-99.0, -99.0, -99.0, 0.2359]",-74.191,0.3324,0.3239,0.3324,0.3239,0.3324,542.3,27.3,666.5,96.9
STGCN,GRAPH,moist,8,fedavg,"[-99.0, -99.0, -99.0, -99.0, -99.0, -99.0, 0.2332, 0.1162]",-74.2063,0.3254,0.3165,0.3254,0.3165,0.3254,481.9,27.2,606.0,96.9
STGCN,GRAPH,moist,8,weighted,"[-99.0, -99.0, -99.0, -99.0, -99.0, -99.0, 0.2332, 0.1162]",-74.2063,0.3289,0.3218,0.3289,0.3218,0.3289,481.9,27.0,602.7,93.8
STGCN,GRAPH,moist,8,momentum,"[-99.0, -99.0, -99.0, -99.0, -99.0, -99.0, 0.2332, 0.1162]",-74.2063,0.3223,0.3133,0.3223,0.3133,0.3223,481.9,28.8,606.3,95.6
STGCN,GRAPH,moist,8,belief,"[-99.0, -99.0, -99.0, -99.0, -99.0, -99.0, 0.2332, 0.1162]",-74.2063,0.3312,0.3231,0.3312,0.3231,0.3312,481.9,27.2,612.5,103.4
SpatialMamba,SSM,moist,1,baseline,[0.5751],0.5751,0.5751,0.6077,0.5751,0.6077,0.5751,313.1,28.1,341.2,
SpatialMamba,SSM,moist,2,fedavg,"[-99.0, 0.3827]",-49.3086,0.4458,0.4516,0.4458,0.4516,0.4458,345.8,28.0,470.5,96.7
SpatialMamba,SSM,moist,2,weighted,"[-99.0, 0.3827]",-49.3086,0.4586,0.4639,0.4586,0.4639,0.4586,345.8,27.0,470.2,97.4
SpatialMamba,SSM,moist,2,momentum,"[-99.0, 0.3827]",-49.3086,0.4465,0.455,0.4465,0.455,0.4465,345.8,27.6,478.1,104.6
SpatialMamba,SSM,moist,2,belief,"[-99.0, 0.3827]",-49.3086,0.4522,0.456,0.4522,0.456,0.4522,345.8,27.6,482.7,109.2
SpatialMamba,SSM,moist,4,fedavg,"[-99.0, -99.0, -99.0, 0.2807]",-74.1798,0.3901,0.3883,0.3901,0.3883,0.3901,520.0,27.0,647.3,100.3
SpatialMamba,SSM,moist,4,weighted,"[-99.0, -99.0, -99.0, 0.2807]",-74.1798,0.3876,0.3885,0.3876,0.3885,0.3876,520.0,26.8,646.7,100.0
SpatialMamba,SSM,moist,4,momentum,"[-99.0, -99.0, -99.0, 0.2807]",-74.1798,0.381,0.3803,0.381,0.3803,0.381,520.0,27.3,647.4,100.2
SpatialMamba,SSM,moist,4,belief,"[-99.0, -99.0, -99.0, 0.2807]",-74.1798,0.379,0.3762,0.379,0.3762,0.379,520.0,27.1,645.6,98.5
SpatialMamba,SSM,moist,8,fedavg,"[-99.0, -99.0, -99.0, -99.0, -99.0, -99.0, 0.2568, 0.1075]",-74.2045,0.3704,0.3651,0.3704,0.3651,0.3704,457.9,27.1,580.3,95.3
SpatialMamba,SSM,moist,8,weighted,"[-99.0, -99.0, -99.0, -99.0, -99.0, -99.0, 0.2568, 0.1075]",-74.2045,0.3737,0.3722,0.3737,0.3722,0.3737,457.9,28.1,581.4,95.4
SpatialMamba,SSM,moist,8,momentum,"[-99.0, -99.0, -99.0, -99.0, -99.0, -99.0, 0.2568, 0.1075]",-74.2045,0.3686,0.3641,0.3686,0.3641,0.3686,457.9,27.7,583.1,97.5
SpatialMamba,SSM,moist,8,belief,"[-99.0, -99.0, -99.0, -99.0, -99.0, -99.0, 0.2568, 0.1075]",-74.2045,0.3739,0.3713,0.3739,0.3713,0.3739,457.9,27.9,583.5,97.7
SpatialBiGRU,SSM,moist,1,baseline,[0.5833],0.5833,0.5833,0.6188,0.5833,0.6188,0.5833,309.2,27.6,336.8,
SpatialBiGRU,SSM,moist,2,fedavg,"[-99.0, 0.4248]",-49.2876,0.4919,0.5027,0.4919,0.5027,0.4919,378.9,27.7,514.6,108.0
SpatialBiGRU,SSM,moist,2,weighted,"[-99.0, 0.4248]",-49.2876,0.4943,0.5108,0.4943,0.5108,0.4943,378.9,28.7,516.3,108.7
SpatialBiGRU,SSM,moist,2,momentum,"[-99.0, 0.4248]",-49.2876,0.5018,0.5177,0.5018,0.5177,0.5018,378.9,27.8,516.4,109.7
SpatialBiGRU,SSM,moist,2,belief,"[-99.0, 0.4248]",-49.2876,0.4932,0.5133,0.4932,0.5133,0.4932,378.9,27.8,515.3,108.6
SpatialBiGRU,SSM,moist,4,fedavg,"[-99.0, -99.0, -99.0, 0.3254]",-74.1686,0.354,0.3521,0.354,0.3521,0.354,548.4,28.7,685.4,108.3
SpatialBiGRU,SSM,moist,4,weighted,"[-99.0, -99.0, -99.0, 0.3254]",-74.1686,0.3772,0.3748,0.3772,0.3748,0.3772,548.4,27.8,684.7,108.6
SpatialBiGRU,SSM,moist,4,momentum,"[-99.0, -99.0, -99.0, 0.3254]",-74.1686,0.3694,0.3699,0.3694,0.3699,0.3694,548.4,28.7,685.1,108.0
SpatialBiGRU,SSM,moist,4,belief,"[-99.0, -99.0, -99.0, 0.3254]",-74.1686,0.3588,0.3583,0.3588,0.3583,0.3588,548.4,27.6,684.9,108.9
SpatialBiGRU,SSM,moist,8,fedavg,"[-99.0, -99.0, -99.0, -99.0, -99.0, -99.0, 0.2489, 0.1342]",-74.2021,0.3691,0.3699,0.3691,0.3699,0.3691,771.6,28.7,910.6,110.3
SpatialBiGRU,SSM,moist,8,weighted,"[-99.0, -99.0, -99.0, -99.0, -99.0, -99.0, 0.2489, 0.1342]",-74.2021,0.3804,0.3841,0.3804,0.3841,0.3804,771.6,27.5,913.7,114.6
SpatialBiGRU,SSM,moist,8,momentum,"[-99.0, -99.0, -99.0, -99.0, -99.0, -99.0, 0.2489, 0.1342]",-74.2021,0.374,0.3737,0.374,0.3737,0.374,771.6,28.0,912.0,112.5
SpatialBiGRU,SSM,moist,8,belief,"[-99.0, -99.0, -99.0, -99.0, -99.0, -99.0, 0.2489, 0.1342]",-74.2021,0.3632,0.367,0.3632,0.367,0.3632,771.6,28.9,912.6,112.2
GraphSAGE,GRAPH,moist,1,baseline,[0.6128],0.6128,0.6128,0.6525,0.6128,0.6525,0.6128,283.3,26.8,310.1,
GraphSAGE,GRAPH,moist,2,fedavg,"[-99.0, 0.378]",-49.311,0.4902,0.5034,0.4902,0.5034,0.4902,343.2,28.0,472.4,101.2
GraphSAGE,GRAPH,moist,2,weighted,"[-99.0, 0.378]",-49.311,0.4898,0.5024,0.4898,0.5024,0.4898,343.2,27.6,469.9,99.1
GraphSAGE,GRAPH,moist,2,momentum,"[-99.0, 0.378]",-49.311,0.4994,0.5097,0.4994,0.5097,0.4994,343.2,27.8,467.5,96.6
GraphSAGE,GRAPH,moist,2,belief,"[-99.0, 0.378]",-49.311,0.4975,0.5086,0.4975,0.5086,0.4975,343.2,28.3,468.4,97.0
GraphSAGE,GRAPH,moist,4,fedavg,"[-99.0, -99.0, -99.0, 0.1546]",-74.2114,0.3427,0.3419,0.3427,0.3419,0.3427,308.6,28.1,432.2,95.5
GraphSAGE,GRAPH,moist,4,weighted,"[-99.0, -99.0, -99.0, 0.1546]",-74.2114,0.3535,0.3517,0.3535,0.3517,0.3535,308.6,26.8,431.3,95.9
GraphSAGE,GRAPH,moist,4,momentum,"[-99.0, -99.0, -99.0, 0.1546]",-74.2114,0.3515,0.3507,0.3515,0.3507,0.3515,308.6,27.4,433.2,97.2
GraphSAGE,GRAPH,moist,4,belief,"[-99.0, -99.0, -99.0, 0.1546]",-74.2114,0.359,0.358,0.359,0.358,0.359,308.6,27.2,432.7,96.9
GraphSAGE,GRAPH,moist,8,fedavg,"[-99.0, -99.0, -99.0, -99.0, -99.0, -99.0, 0.2156, 0.08]",-74.213,0.3497,0.3498,0.3497,0.3498,0.3497,474.6,27.9,599.8,97.3
GraphSAGE,GRAPH,moist,8,weighted,"[-99.0, -99.0, -99.0, -99.0, -99.0, -99.0, 0.2156, 0.08]",-74.213,0.375,0.3752,0.375,0.3752,0.375,474.6,27.9,600.8,98.3
GraphSAGE,GRAPH,moist,8,momentum,"[-99.0, -99.0, -99.0, -99.0, -99.0, -99.0, 0.2156, 0.08]",-74.213,0.3446,0.3456,0.3446,0.3456,0.3446,474.6,28.0,607.7,105.1
GraphSAGE,GRAPH,moist,8,belief,"[-99.0, -99.0, -99.0, -99.0, -99.0, -99.0, 0.2156, 0.08]",-74.213,0.3594,0.3578,0.3594,0.3578,0.3594,474.6,27.3,610.2,108.3
GCN_NoTemporal,STANDALONE,moist,1,baseline,[0.7186],0.7186,0.7186,0.7359,0.7186,0.7359,0.7186,77.9,27.0,104.9,
GCN_NoTemporal,STANDALONE,moist,2,fedavg,"[-99.0, 0.6006]",-49.1997,0.6632,0.6651,0.6632,0.6651,0.6632,51.3,27.1,109.3,30.8
GCN_NoTemporal,STANDALONE,moist,2,weighted,"[-99.0, 0.6006]",-49.1997,0.6707,0.6725,0.6707,0.6725,0.6707,51.3,27.8,110.1,31.0
GCN_NoTemporal,STANDALONE,moist,2,momentum,"[-99.0, 0.6006]",-49.1997,0.6745,0.6764,0.6745,0.6764,0.6745,51.3,26.5,108.5,30.7
GCN_NoTemporal,STANDALONE,moist,2,belief,"[-99.0, 0.6006]",-49.1997,0.6604,0.66,0.6604,0.66,0.6604,51.3,26.9,108.9,30.6
GCN_NoTemporal,STANDALONE,moist,4,fedavg,"[-99.0, -99.0, -99.0, 0.5727]",-74.1068,0.6641,0.6654,0.6641,0.6654,0.6641,142.5,26.4,198.5,29.6
GCN_NoTemporal,STANDALONE,moist,4,weighted,"[-99.0, -99.0, -99.0, 0.5727]",-74.1068,0.6729,0.6776,0.6729,0.6776,0.6729,142.5,26.2,198.7,30.1
GCN_NoTemporal,STANDALONE,moist,4,momentum,"[-99.0, -99.0, -99.0, 0.5727]",-74.1068,0.6716,0.6765,0.6716,0.6765,0.6716,142.5,26.5,198.8,29.8
GCN_NoTemporal,STANDALONE,moist,4,belief,"[-99.0, -99.0, -99.0, 0.5727]",-74.1068,0.6653,0.6656,0.6653,0.6656,0.6653,142.5,26.5,198.9,29.9
GCN_NoTemporal,STANDALONE,moist,8,fedavg,"[-99.0, -99.0, -99.0, -99.0, -99.0, -99.0, 0.6785, 0.4066]",-74.1144,0.6736,0.6801,0.6736,0.6801,0.6736,157.9,27.2,215.0,29.9
GCN_NoTemporal,STANDALONE,moist,8,weighted,"[-99.0, -99.0, -99.0, -99.0, -99.0, -99.0, 0.6785, 0.4066]",-74.1144,0.6864,0.6938,0.6864,0.6938,0.6864,157.9,26.5,214.4,30.0
GCN_NoTemporal,STANDALONE,moist,8,momentum,"[-99.0, -99.0, -99.0, -99.0, -99.0, -99.0, 0.6785, 0.4066]",-74.1144,0.6743,0.6798,0.6743,0.6798,0.6743,157.9,26.5,213.6,29.3
GCN_NoTemporal,STANDALONE,moist,8,belief,"[-99.0, -99.0, -99.0, -99.0, -99.0, -99.0, 0.6785, 0.4066]",-74.1144,0.6893,0.6999,0.6893,0.6999,0.6893,157.9,27.1,214.3,29.2
STGCN,GRAPH,temp,2,fedavg,"[-99.0, 0.964]",-49.018,0.9618,0.9318,0.9618,0.9318,0.9618,351.1,27.9,480.9,101.8
STGCN,GRAPH,temp,2,weighted,"[-99.0, 0.964]",-49.018,0.9627,0.9322,0.9627,0.9322,0.9627,351.1,28.0,481.5,102.3
STGCN,GRAPH,temp,2,momentum,"[-99.0, 0.964]",-49.018,0.9633,0.9317,0.9633,0.9317,0.9633,351.1,27.6,483.4,104.7
STGCN,GRAPH,temp,2,belief,"[-99.0, 0.964]",-49.018,0.9608,0.9315,0.9608,0.9315,0.9608,351.1,27.6,483.6,104.9
STGCN,GRAPH,temp,4,fedavg,"[-99.0, -99.0, -99.0, 0.9636]",-74.0091,0.96,0.9306,0.96,0.9306,0.96,521.2,27.9,652.2,103.1
STGCN,GRAPH,temp,4,weighted,"[-99.0, -99.0, -99.0, 0.9636]",-74.0091,0.9585,0.9253,0.9585,0.9253,0.9585,521.2,29.0,654.7,104.4
STGCN,GRAPH,temp,4,momentum,"[-99.0, -99.0, -99.0, 0.9636]",-74.0091,0.9623,0.9366,0.9623,0.9366,0.9623,521.2,29.1,650.3,100.0
STGCN,GRAPH,temp,4,belief,"[-99.0, -99.0, -99.0, 0.9636]",-74.0091,0.9595,0.9307,0.9595,0.9307,0.9595,521.2,27.8,648.7,99.6
