Model,Target,Tier,Val_R2,std_test,unseen_space,unseen_time,unseen_both,Resumed
BiGRU_NoGCN,temp,ABLATION,0.8941371736492831,"{'seen_R2': 0.8807, 'seen_KGE': 0.9141, 'seen_ubRMSE': 0.7478, 'seen_FreezeAcc': 93.05, 'seen_DTW': 0.0293, 'seen_N': 17280, 'seen_CRPS': 0.3323, 'seen_NLL': 0.8309, 'seen_KL_Div': 20.5397, 'unseen_R2': -11209399960.7988, 'unseen_KGE': nan, 'unseen_ubRMSE': 0.0, 'unseen_FreezeAcc': 100.0, 'unseen_DTW': 0.0002, 'unseen_N': 5760, 'unseen_CRPS': 0.0106, 'unseen_NLL': -2.3229, 'unseen_KL_Div': 14.5898, 'all_R2': 0.8894, 'all_KGE': 0.919, 'all_ubRMSE': 0.6487, 'all_FreezeAcc': 94.79, 'all_DTW': 0.0166, 'all_N': 23040, 'all_CRPS': 0.2519, 'all_NLL': 0.0425, 'all_KL_Div': 28.0884, 'spatial_gap': 11209399961.6795, 'inference_s': 0.28}","{'seen_R2': -33629875182.1055, 'seen_KGE': nan, 'seen_ubRMSE': 0.0, 'seen_FreezeAcc': 100.0, 'seen_DTW': 0.0002, 'seen_N': 17280, 'seen_CRPS': 0.0106, 'seen_NLL': -2.3229, 'seen_KL_Div': 14.6788, 'unseen_R2': 0.9138, 'unseen_KGE': 0.9182, 'unseen_ubRMSE': 0.6216, 'unseen_FreezeAcc': 89.64, 'unseen_DTW': 0.0016, 'unseen_N': 5760, 'unseen_CRPS': 0.2301, 'unseen_NLL': -0.0378, 'unseen_KL_Div': 29.1763, 'all_R2': 0.9261, 'all_KGE': 0.9032, 'all_ubRMSE': 0.3109, 'all_FreezeAcc': 97.41, 'all_DTW': 0.0008, 'all_N': 23040, 'all_CRPS': 0.0655, 'all_NLL': -1.7516, 'all_KL_Div': 71.6296, 'spatial_gap': -33629875183.0193, 'inference_s': 0.27}","{'seen_R2': 0.8226, 'seen_KGE': 0.5697, 'seen_ubRMSE': 0.669, 'seen_FreezeAcc': 83.73, 'seen_DTW': 0.0421, 'seen_N': 5760, 'seen_CRPS': 0.3626, 'seen_NLL': 5.4655, 'seen_KL_Div': 11.5062, 'unseen_R2': -3736653028.9187, 'unseen_KGE': nan, 'unseen_ubRMSE': 0.0, 'unseen_FreezeAcc': 100.0, 'unseen_DTW': 0.0002, 'unseen_N': 1920, 'unseen_CRPS': 0.0106, 'unseen_NLL': -2.3229, 'unseen_KL_Div': 14.6788, 'all_R2': 0.825, 'all_KGE': 0.5527, 'all_ubRMSE': 0.5824, 'all_FreezeAcc': 87.8, 'all_DTW': 0.038, 'all_N': 7680, 'all_CRPS': 0.2746, 'all_NLL': 3.5184, 'all_KL_Div': 14.8096, 'spatial_gap': 3736653029.7413, 'inference_s': 0.09}","{'seen_R2': -11209399960.7988, 'seen_KGE': nan, 'seen_ubRMSE': 0.0, 'seen_FreezeAcc': 100.0, 'seen_DTW': 0.0002, 'seen_N': 5760, 'seen_CRPS': 0.0106, 'seen_NLL': -2.3229, 'seen_KL_Div': 14.5898, 'unseen_R2': 0.8471, 'unseen_KGE': 0.7578, 'unseen_ubRMSE': 0.1824, 'unseen_FreezeAcc': 89.17, 'unseen_DTW': 0.0425, 'unseen_N': 1920, 'unseen_CRPS': 0.0786, 'unseen_NLL': 0.2309, 'unseen_KL_Div': 18.4663, 'all_R2': 0.8483, 'all_KGE': -0.4001, 'all_ubRMSE': 0.0912, 'all_FreezeAcc': 97.29, 'all_DTW': 0.0356, 'all_N': 7680, 'all_CRPS': 0.0276, 'all_NLL': -1.6845, 'all_KL_Div': 11.5555, 'spatial_gap': -11209399961.6459, 'inference_s': 0.09}",True
GCN_NoTemporal,temp,ABLATION,0.9429264784543182,"{'seen_R2': 0.8602, 'seen_KGE': 0.9011, 'seen_ubRMSE': 0.8098, 'seen_FreezeAcc': 91.39, 'seen_DTW': 0.0299, 'seen_N': 17280, 'seen_CRPS': 0.3829, 'seen_NLL': 1.379, 'seen_KL_Div': 3.102, 'unseen_R2': -495486414913.4135, 'unseen_KGE': nan, 'unseen_ubRMSE': 0.0, 'unseen_FreezeAcc': 0.0, 'unseen_DTW': 0.0086, 'unseen_N': 5760, 'unseen_CRPS': 0.0784, 'unseen_NLL': -0.2855, 'unseen_KL_Div': 16.6272, 'all_R2': 0.8698, 'all_KGE': 0.9166, 'all_ubRMSE': 0.7052, 'all_FreezeAcc': 68.55, 'all_DTW': 0.0294, 'all_N': 23040, 'all_CRPS': 0.3068, 'all_NLL': 0.9629, 'all_KL_Div': 3.6024, 'spatial_gap': 495486414914.2737, 'inference_s': 0.09}","{'seen_R2': -1486533508299.7812, 'seen_KGE': nan, 'seen_ubRMSE': 0.0, 'seen_FreezeAcc': 0.0, 'seen_DTW': 0.0086, 'seen_N': 17280, 'seen_CRPS': 0.0784, 'seen_NLL': -0.2855, 'seen_KL_Div': 16.7163, 'unseen_R2': 0.8866, 'unseen_KGE': 0.8117, 'unseen_ubRMSE': 0.6968, 'unseen_FreezeAcc': 88.23, 'unseen_DTW': 0.003, 'unseen_N': 5760, 'unseen_CRPS': 0.2815, 'unseen_NLL': 0.4883, 'unseen_KL_Div': 7.4155, 'all_R2': 0.8979, 'all_KGE': 0.8233, 'all_ubRMSE': 0.3645, 'all_FreezeAcc': 22.06, 'all_DTW': 0.0073, 'all_N': 23040, 'all_CRPS': 0.1292, 'all_NLL': -0.092, 'all_KL_Div': 4.0868, 'spatial_gap': -1486533508300.668, 'inference_s': 0.09}","{'seen_R2': 0.8383, 'seen_KGE': 0.4931, 'seen_ubRMSE': 0.6288, 'seen_FreezeAcc': 83.02, 'seen_DTW': 0.054, 'seen_N': 5760, 'seen_CRPS': 0.3385, 'seen_NLL': 0.9372, 'seen_KL_Div': 2.1738, 'unseen_R2': -165170402525.8555, 'unseen_KGE': nan, 'unseen_ubRMSE': 0.0, 'unseen_FreezeAcc': 0.0, 'unseen_DTW': 0.0086, 'unseen_N': 1920, 'unseen_CRPS': 0.0784, 'unseen_NLL': -0.2855, 'unseen_KL_Div': 16.7163, 'all_R2': 0.8394, 'all_KGE': 0.5721, 'all_ubRMSE': 0.5575, 'all_FreezeAcc': 62.27, 'all_DTW': 0.0505, 'all_N': 7680, 'all_CRPS': 0.2735, 'all_NLL': 0.6316, 'all_KL_Div': 2.1835, 'spatial_gap': 165170402526.6938, 'inference_s': 0.03}","{'seen_R2': -495486414913.4135, 'seen_KGE': nan, 'seen_ubRMSE': 0.0, 'seen_FreezeAcc': 0.0, 'seen_DTW': 0.0086, 'seen_N': 5760, 'seen_CRPS': 0.0784, 'seen_NLL': -0.2855, 'seen_KL_Div': 16.6272, 'unseen_R2': 0.8938, 'unseen_KGE': 0.8316, 'unseen_ubRMSE': 0.1522, 'unseen_FreezeAcc': 85.0, 'unseen_DTW': 0.0224, 'unseen_N': 1920, 'unseen_CRPS': 0.0814, 'unseen_NLL': -0.4588, 'unseen_KL_Div': 1.3242, 'all_R2': 0.7818, 'all_KGE': -5.8905, 'all_ubRMSE': 0.0838, 'all_FreezeAcc': 21.25, 'all_DTW': 0.0145, 'all_N': 7680, 'all_CRPS': 0.0792, 'all_NLL': -0.3288, 'all_KL_Div': 0.0484, 'spatial_gap': -495486414914.3073, 'inference_s': 0.03}",True
DeepESN,temp,RESERVOIR,0.5201593754708864,"{'seen_R2': 0.4003, 'seen_KGE': 0.0824, 'seen_ubRMSE': 1.4092, 'seen_FreezeAcc': 82.7, 'seen_DTW': 0.0706, 'seen_N': 17280, 'seen_CRPS': 0.8082, 'seen_NLL': 2.8692, 'seen_KL_Div': 2.7771, 'unseen_R2': -102679921070.7911, 'unseen_KGE': nan, 'unseen_ubRMSE': 0.0, 'unseen_FreezeAcc': 0.0, 'unseen_DTW': 0.0018, 'unseen_N': 5760, 'unseen_CRPS': 0.0355, 'unseen_NLL': -1.0788, 'unseen_KL_Div': 15.8339, 'all_R2': 0.4439, 'all_KGE': 0.0804, 'all_ubRMSE': 1.2902, 'all_FreezeAcc': 62.02, 'all_DTW': 0.0665, 'all_N': 23040, 'all_CRPS': 0.615, 'all_NLL': 1.8822, 'all_KL_Div': 3.6399, 'spatial_gap': 102679921071.1914, 'inference_s': 0.21}","{'seen_R2': -308055152892.0664, 'seen_KGE': nan, 'seen_ubRMSE': 0.0, 'seen_FreezeAcc': 0.0, 'seen_DTW': 0.0018, 'seen_N': 17280, 'seen_CRPS': 0.0355, 'seen_NLL': -1.0788, 'seen_KL_Div': 15.9229, 'unseen_R2': 0.4858, 'unseen_KGE': 0.1857, 'unseen_ubRMSE': 1.3971, 'unseen_FreezeAcc': 79.76, 'unseen_DTW': 0.0051, 'unseen_N': 5760, 'unseen_CRPS': 0.6155, 'unseen_NLL': 0.781, 'unseen_KL_Div': 2.5099, 'all_R2': 0.5585, 'all_KGE': 0.2569, 'all_ubRMSE': 0.7516, 'all_FreezeAcc': 19.94, 'all_DTW': 0.0022, 'all_N': 23040, 'all_CRPS': 0.1805, 'all_NLL': -0.6139, 'all_KL_Div': 5.9666, 'spatial_gap': -308055152892.5522, 'inference_s': 0.2}","{'seen_R2': 0.7441, 'seen_KGE': -0.0068, 'seen_ubRMSE': 0.7402, 'seen_FreezeAcc': 82.53, 'seen_DTW': 0.2107, 'seen_N': 5760, 'seen_CRPS': 0.4304, 'seen_NLL': 1.4021, 'seen_KL_Div': 2.8794, 'unseen_R2': -34228348730.9946, 'unseen_KGE': nan, 'unseen_ubRMSE': 0.0, 'unseen_FreezeAcc': 0.0, 'unseen_DTW': 0.0018, 'unseen_N': 1920, 'unseen_CRPS': 0.0355, 'unseen_NLL': -1.0788, 'unseen_KL_Div': 15.9229, 'all_R2': 0.7473, 'all_KGE': 0.0197, 'all_ubRMSE': 0.6645, 'all_FreezeAcc': 61.9, 'all_DTW': 0.204, 'all_N': 7680, 'all_CRPS': 0.3317, 'all_NLL': 0.7819, 'all_KL_Div': 3.463, 'spatial_gap': 34228348731.7387, 'inference_s': 0.07}","{'seen_R2': -102679921070.7911, 'seen_KGE': nan, 'seen_ubRMSE': 0.0, 'seen_FreezeAcc': 0.0, 'seen_DTW': 0.0018, 'seen_N': 5760, 'seen_CRPS': 0.0355, 'seen_NLL': -1.0788, 'seen_KL_Div': 15.8339, 'unseen_R2': 0.7942, 'unseen_KGE': -0.2694, 'unseen_ubRMSE': 0.1899, 'unseen_FreezeAcc': 75.16, 'unseen_DTW': 0.0431, 'unseen_N': 1920, 'unseen_CRPS': 0.1196, 'unseen_NLL': -0.104, 'unseen_KL_Div': 0.3576, 'all_R2': 0.7756, 'all_KGE': 0.2448, 'all_ubRMSE': 0.1121, 'all_FreezeAcc': 18.79, 'all_DTW': 0.0305, 'all_N': 7680, 'all_CRPS': 0.0565, 'all_NLL': -0.8351, 'all_KL_Div': 0.1424, 'spatial_gap': -102679921071.5853, 'inference_s': 0.07}",True
SpatialESN,temp,RESERVOIR,0.727304631578784,"{'seen_R2': 0.5962, 'seen_KGE': 0.454, 'seen_ubRMSE': 1.2311, 'seen_FreezeAcc': 84.46, 'seen_DTW': 0.1629, 'seen_N': 17280, 'seen_CRPS': 0.6623, 'seen_NLL': 1.722, 'seen_KL_Div': 1.3076, 'unseen_R2': -7095752501.0218, 'unseen_KGE': nan, 'unseen_ubRMSE': 0.0, 'unseen_FreezeAcc': 100.0, 'unseen_DTW': 0.0001, 'unseen_N': 5760, 'unseen_CRPS': 0.0645, 'unseen_NLL': -0.3708, 'unseen_KL_Div': 16.5419, 'all_R2': 0.6256, 'all_KGE': 0.453, 'all_ubRMSE': 1.1017, 'all_FreezeAcc': 88.34, 'all_DTW': 0.0814, 'all_N': 23040, 'all_CRPS': 0.5128, 'all_NLL': 1.1988, 'all_KL_Div': 1.6717, 'spatial_gap': 7095752501.618, 'inference_s': 0.14}","{'seen_R2': -21288316248.8474, 'seen_KGE': nan, 'seen_ubRMSE': 0.0, 'seen_FreezeAcc': 100.0, 'seen_DTW': 0.0001, 'seen_N': 17280, 'seen_CRPS': 0.0645, 'seen_NLL': -0.3708, 'seen_KL_Div': 16.6309, 'unseen_R2': 0.6245, 'unseen_KGE': 0.2493, 'unseen_ubRMSE': 1.1026, 'unseen_FreezeAcc': 73.37, 'unseen_DTW': 0.0377, 'unseen_N': 5760, 'unseen_CRPS': 0.553, 'unseen_NLL': 0.8858, 'unseen_KL_Div': 1.6495, 'all_R2': 0.6783, 'all_KGE': 0.2396, 'all_ubRMSE': 0.6286, 'all_FreezeAcc': 93.34, 'all_DTW': 0.011, 'all_N': 23040, 'all_CRPS': 0.1866, 'all_NLL': -0.0567, 'all_KL_Div': 2.082, 'spatial_gap': -21288316249.4719, 'inference_s': 0.15}","{'seen_R2': 0.504, 'seen_KGE': 0.0466, 'seen_ubRMSE': 1.1036, 'seen_FreezeAcc': 82.85, 'seen_DTW': 0.4022, 'seen_N': 5760, 'seen_CRPS': 0.5825, 'seen_NLL': 1.387, 'seen_KL_Div': 1.2018, 'unseen_R2': -2365368752.6716, 'unseen_KGE': nan, 'unseen_ubRMSE': 0.0, 'unseen_FreezeAcc': 100.0, 'unseen_DTW': 0.0001, 'unseen_N': 1920, 'unseen_CRPS': 0.0645, 'unseen_NLL': -0.3708, 'unseen_KL_Div': 16.6309, 'all_R2': 0.5105, 'all_KGE': 0.0513, 'all_ubRMSE': 0.966, 'all_FreezeAcc': 87.14, 'all_DTW': 0.3311, 'all_N': 7680, 'all_CRPS': 0.453, 'all_NLL': 0.9475, 'all_KL_Div': 1.3174, 'spatial_gap': 2365368753.1756, 'inference_s': 0.05}","{'seen_R2': -7095751905.0051, 'seen_KGE': nan, 'seen_ubRMSE': 0.0, 'seen_FreezeAcc': 100.0, 'seen_DTW': 0.0001, 'seen_N': 5760, 'seen_CRPS': 0.0645, 'seen_NLL': -0.3708, 'seen_KL_Div': 16.5419, 'unseen_R2': 0.447, 'unseen_KGE': -1.2977, 'unseen_ubRMSE': 0.3024, 'unseen_FreezeAcc': 67.19, 'unseen_DTW': 0.1501, 'unseen_N': 1920, 'unseen_CRPS': 0.1805, 'unseen_NLL': 0.2325, 'unseen_KL_Div': 0.1946, 'all_R2': 0.4592, 'all_KGE': -2.3264, 'all_ubRMSE': 0.1709, 'all_FreezeAcc': 91.8, 'all_DTW': 0.0296, 'all_N': 7680, 'all_CRPS': 0.0935, 'all_NLL': -0.22, 'all_KL_Div': 0.0503, 'spatial_gap': -7095751905.4521, 'inference_s': 0.05}",True
GraphSAGE,temp,GRAPH,0.909757574058621,"{'seen_R2': 0.8826, 'seen_KGE': 0.9172, 'seen_ubRMSE': 0.7424, 'seen_FreezeAcc': 92.76, 'seen_DTW': 0.0243, 'seen_N': 17280, 'seen_CRPS': 0.3234, 'seen_NLL': 0.6398, 'seen_KL_Div': 14.7183, 'unseen_R2': -10358649341.0853, 'unseen_KGE': nan, 'unseen_ubRMSE': 0.0001, 'unseen_FreezeAcc': 100.0, 'unseen_DTW': 0.0002, 'unseen_N': 5760, 'unseen_CRPS': 0.0111, 'unseen_NLL': -2.2475, 'unseen_KL_Div': 14.6652, 'all_R2': 0.8911, 'all_KGE': 0.922, 'all_ubRMSE': 0.6439, 'all_FreezeAcc': 94.57, 'all_DTW': 0.0149, 'all_N': 23040, 'all_CRPS': 0.2454, 'all_NLL': -0.082, 'all_KL_Div': 20.3573, 'spatial_gap': 10358649341.9679, 'inference_s': 0.29}","{'seen_R2': -31076469420.3867, 'seen_KGE': nan, 'seen_ubRMSE': 0.0001, 'seen_FreezeAcc': 100.0, 'seen_DTW': 0.0002, 'seen_N': 17280, 'seen_CRPS': 0.0111, 'seen_NLL': -2.2475, 'seen_KL_Div': 14.7542, 'unseen_R2': 0.9161, 'unseen_KGE': 0.8732, 'unseen_ubRMSE': 0.6114, 'unseen_FreezeAcc': 90.45, 'unseen_DTW': 0.0059, 'unseen_N': 5760, 'unseen_CRPS': 0.2314, 'unseen_NLL': -0.0329, 'unseen_KL_Div': 21.249, 'all_R2': 0.928, 'all_KGE': 0.856, 'all_ubRMSE': 0.3063, 'all_FreezeAcc': 97.61, 'all_DTW': 0.0026, 'all_N': 23040, 'all_CRPS': 0.0662, 'all_NLL': -1.6939, 'all_KL_Div': 54.5168, 'spatial_gap': -31076469421.3028, 'inference_s': 0.3}","{'seen_R2': 0.834, 'seen_KGE': 0.7578, 'seen_ubRMSE': 0.6587, 'seen_FreezeAcc': 84.31, 'seen_DTW': 0.0594, 'seen_N': 5760, 'seen_CRPS': 0.351, 'seen_NLL': 4.6274, 'seen_KL_Div': 10.0938, 'unseen_R2': -3453055023.147, 'unseen_KGE': nan, 'unseen_ubRMSE': 0.0001, 'unseen_FreezeAcc': 100.0, 'unseen_DTW': 0.0002, 'unseen_N': 1920, 'unseen_CRPS': 0.0111, 'unseen_NLL': -2.2475, 'unseen_KL_Div': 14.7542, 'all_R2': 0.8362, 'all_KGE': 0.7444, 'all_ubRMSE': 0.5712, 'all_FreezeAcc': 88.23, 'all_DTW': 0.0511, 'all_N': 7680, 'all_CRPS': 0.266, 'all_NLL': 2.9087, 'all_KL_Div': 13.0086, 'spatial_gap': 3453055023.981, 'inference_s': 0.1}","{'seen_R2': -10358304843.4496, 'seen_KGE': nan, 'seen_ubRMSE': 0.0001, 'seen_FreezeAcc': 100.0, 'seen_DTW': 0.0002, 'seen_N': 5760, 'seen_CRPS': 0.0111, 'seen_NLL': -2.2475, 'seen_KL_Div': 14.6652, 'unseen_R2': 0.8538, 'unseen_KGE': 0.8344, 'unseen_ubRMSE': 0.1788, 'unseen_FreezeAcc': 85.78, 'unseen_DTW': 0.0318, 'unseen_N': 1920, 'unseen_CRPS': 0.0834, 'unseen_NLL': 0.0367, 'unseen_KL_Div': 6.3117, 'all_R2': 0.8551, 'all_KGE': -0.2084, 'all_ubRMSE': 0.0894, 'all_FreezeAcc': 96.45, 'all_DTW': 0.0249, 'all_N': 7680, 'all_CRPS': 0.0292, 'all_NLL': -1.6765, 'all_KL_Div': 6.2709, 'spatial_gap': -10358304844.3034, 'inference_s': 0.1}",True
GAT,temp,GRAPH,0.8948561629830294,"{'seen_R2': 0.8486, 'seen_KGE': 0.8439, 'seen_ubRMSE': 0.8363, 'seen_FreezeAcc': 92.85, 'seen_DTW': 0.0258, 'seen_N': 17280, 'seen_CRPS': 0.3865, 'seen_NLL': 1.2055, 'seen_KL_Div': 15.7791, 'unseen_R2': -3648173339.3463, 'unseen_KGE': nan, 'unseen_ubRMSE': 0.0, 'unseen_FreezeAcc': 100.0, 'unseen_DTW': 0.0001, 'unseen_N': 5760, 'unseen_CRPS': 0.0104, 'unseen_NLL': -2.2312, 'unseen_KL_Div': 14.6815, 'all_R2': 0.8597, 'all_KGE': 0.8435, 'all_ubRMSE': 0.7263, 'all_FreezeAcc': 94.64, 'all_DTW': 0.0158, 'all_N': 23040, 'all_CRPS': 0.2925, 'all_NLL': 0.3463, 'all_KL_Div': 21.6315, 'spatial_gap': 3648173340.1949, 'inference_s': 0.31}","{'seen_R2': -10945070980.9794, 'seen_KGE': nan, 'seen_ubRMSE': 0.0, 'seen_FreezeAcc': 100.0, 'seen_DTW': 0.0001, 'seen_N': 17280, 'seen_CRPS': 0.0104, 'seen_NLL': -2.2312, 'seen_KL_Div': 14.7705, 'unseen_R2': 0.9176, 'unseen_KGE': 0.9448, 'unseen_ubRMSE': 0.6081, 'unseen_FreezeAcc': 87.0, 'unseen_DTW': 0.0021, 'unseen_N': 5760, 'unseen_CRPS': 0.2297, 'unseen_NLL': -0.1066, 'unseen_KL_Div': 23.4799, 'all_R2': 0.9294, 'all_KGE': 0.9372, 'all_ubRMSE': 0.3041, 'all_FreezeAcc': 96.75, 'all_DTW': 0.0006, 'all_N': 23040, 'all_CRPS': 0.0653, 'all_NLL': -1.7, 'all_KL_Div': 56.447, 'spatial_gap': -10945070981.897, 'inference_s': 0.31}","{'seen_R2': 0.8153, 'seen_KGE': 0.6121, 'seen_ubRMSE': 0.6868, 'seen_FreezeAcc': 83.44, 'seen_DTW': 0.0542, 'seen_N': 5760, 'seen_CRPS': 0.3739, 'seen_NLL': 6.3078, 'seen_KL_Div': 10.5097, 'unseen_R2': -1216118185.7123, 'unseen_KGE': nan, 'unseen_ubRMSE': 0.0, 'unseen_FreezeAcc': 100.0, 'unseen_DTW': 0.0001, 'unseen_N': 1920, 'unseen_CRPS': 0.0104, 'unseen_NLL': -2.2312, 'unseen_KL_Div': 14.7705, 'all_R2': 0.8178, 'all_KGE': 0.6148, 'all_ubRMSE': 0.598, 'all_FreezeAcc': 87.58, 'all_DTW': 0.0422, 'all_N': 7680, 'all_CRPS': 0.283, 'all_NLL': 4.1731, 'all_KL_Div': 13.4218, 'spatial_gap': 1216118186.5276, 'inference_s': 0.1}","{'seen_R2': -3648173339.3463, 'seen_KGE': nan, 'seen_ubRMSE': 0.0, 'seen_FreezeAcc': 100.0, 'seen_DTW': 0.0001, 'seen_N': 5760, 'seen_CRPS': 0.0104, 'seen_NLL': -2.2312, 'seen_KL_Div': 14.6815, 'unseen_R2': 0.8826, 'unseen_KGE': 0.5917, 'unseen_ubRMSE': 0.1576, 'unseen_FreezeAcc': 86.98, 'unseen_DTW': 0.0241, 'unseen_N': 1920, 'unseen_CRPS': 0.0847, 'unseen_NLL': 0.602, 'unseen_KL_Div': 13.7816, 'all_R2': 0.8847, 'all_KGE': 0.8263, 'all_ubRMSE': 0.0805, 'all_FreezeAcc': 96.74, 'all_DTW': 0.0181, 'all_N': 7680, 'all_CRPS': 0.029, 'all_NLL': -1.5229, 'all_KL_Div': 8.273, 'spatial_gap': -3648173340.2289, 'inference_s': 0.1}",True
STGCN,temp,GRAPH,0.9110875011035282,"{'seen_R2': 0.8936, 'seen_KGE': 0.8852, 'seen_ubRMSE': 0.7011, 'seen_FreezeAcc': 92.25, 'seen_DTW': 0.0131, 'seen_N': 17280, 'seen_CRPS': 0.312, 'seen_NLL': 0.5294, 'seen_KL_Div': 13.9937, 'unseen_R2': -39599485878.801, 'unseen_KGE': nan, 'unseen_ubRMSE': 0.0, 'unseen_FreezeAcc': 100.0, 'unseen_DTW': 0.0007, 'unseen_N': 5760, 'unseen_CRPS': 0.0156, 'unseen_NLL': -2.167, 'unseen_KL_Div': 14.7457, 'all_R2': 0.9013, 'all_KGE': 0.89, 'all_ubRMSE': 0.61, 'all_FreezeAcc': 94.18, 'all_DTW': 0.0116, 'all_N': 23040, 'all_CRPS': 0.2379, 'all_NLL': -0.1447, 'all_KL_Div': 19.6138, 'spatial_gap': 39599485879.6946, 'inference_s': 0.2}","{'seen_R2': -118804388045.2646, 'seen_KGE': nan, 'seen_ubRMSE': 0.0, 'seen_FreezeAcc': 100.0, 'seen_DTW': 0.0007, 'seen_N': 17280, 'seen_CRPS': 0.0156, 'seen_NLL': -2.167, 'seen_KL_Div': 14.8348, 'unseen_R2': 0.9166, 'unseen_KGE': 0.9429, 'unseen_ubRMSE': 0.6119, 'unseen_FreezeAcc': 83.99, 'unseen_DTW': 0.0013, 'unseen_N': 5760, 'unseen_CRPS': 0.2262, 'unseen_NLL': -0.1577, 'unseen_KL_Div': 21.8604, 'all_R2': 0.9282, 'all_KGE': 0.8929, 'all_ubRMSE': 0.306, 'all_FreezeAcc': 96.0, 'all_DTW': 0.0008, 'all_N': 23040, 'all_CRPS': 0.0683, 'all_NLL': -1.6647, 'all_KL_Div': 60.8744, 'spatial_gap': -118804388046.1812, 'inference_s': 0.2}","{'seen_R2': 0.8448, 'seen_KGE': 0.648, 'seen_ubRMSE': 0.6292, 'seen_FreezeAcc': 84.03, 'seen_DTW': 0.0414, 'seen_N': 5760, 'seen_CRPS': 0.35, 'seen_NLL': 5.0487, 'seen_KL_Div': 10.3707, 'unseen_R2': -13200488089.5151, 'unseen_KGE': nan, 'unseen_ubRMSE': 0.0, 'unseen_FreezeAcc': 100.0, 'unseen_DTW': 0.0007, 'unseen_N': 1920, 'unseen_CRPS': 0.0156, 'unseen_NLL': -2.167, 'unseen_KL_Div': 14.8348, 'all_R2': 0.8468, 'all_KGE': 0.6209, 'all_ubRMSE': 0.5466, 'all_FreezeAcc': 88.02, 'all_DTW': 0.0379, 'all_N': 7680, 'all_CRPS': 0.2664, 'all_NLL': 3.2448, 'all_KL_Div': 13.5158, 'spatial_gap': 13200488090.3599, 'inference_s': 0.07}","{'seen_R2': -39599481110.6676, 'seen_KGE': nan, 'seen_ubRMSE': 0.0, 'seen_FreezeAcc': 100.0, 'seen_DTW': 0.0007, 'seen_N': 5760, 'seen_CRPS': 0.0156, 'seen_NLL': -2.167, 'seen_KL_Div': 14.7457, 'unseen_R2': 0.87, 'unseen_KGE': 0.7546, 'unseen_ubRMSE': 0.168, 'unseen_FreezeAcc': 89.69, 'unseen_DTW': 0.0299, 'unseen_N': 1920, 'unseen_CRPS': 0.0755, 'unseen_NLL': 0.3011, 'unseen_KL_Div': 18.9751, 'all_R2': 0.8641, 'all_KGE': -1.2788, 'all_ubRMSE': 0.0841, 'all_FreezeAcc': 97.42, 'all_DTW': 0.0223, 'all_N': 7680, 'all_CRPS': 0.0306, 'all_NLL': -1.55, 'all_KL_Div': 12.9486, 'spatial_gap': -39599481111.5376, 'inference_s': 0.07}",True
SpatialTransformer,temp,ATTENTION,0.920881818093248,"{'seen_R2': 0.8965, 'seen_KGE': 0.9224, 'seen_ubRMSE': 0.6965, 'seen_FreezeAcc': 92.99, 'seen_DTW': 0.0279, 'seen_N': 17280, 'seen_CRPS': 0.3026, 'seen_NLL': 0.7661, 'seen_KL_Div': 14.0642, 'unseen_R2': -23657684942.5302, 'unseen_KGE': nan, 'unseen_ubRMSE': 0.0, 'unseen_FreezeAcc': 100.0, 'unseen_DTW': 0.0004, 'unseen_N': 5760, 'unseen_CRPS': 0.0157, 'unseen_NLL': -1.9201, 'unseen_KL_Div': 14.9926, 'all_R2': 0.904, 'all_KGE': 0.9283, 'all_ubRMSE': 0.6045, 'all_FreezeAcc': 94.74, 'all_DTW': 0.0245, 'all_N': 23040, 'all_CRPS': 0.2309, 'all_NLL': 0.0946, 'all_KL_Div': 18.9785, 'spatial_gap': 23657684943.4267, 'inference_s': 0.08}","{'seen_R2': -70976605414.3442, 'seen_KGE': nan, 'seen_ubRMSE': 0.0, 'seen_FreezeAcc': 100.0, 'seen_DTW': 0.0004, 'seen_N': 17280, 'seen_CRPS': 0.0157, 'seen_NLL': -1.9201, 'seen_KL_Div': 15.0817, 'unseen_R2': 0.9055, 'unseen_KGE': 0.8767, 'unseen_ubRMSE': 0.6479, 'unseen_FreezeAcc': 87.26, 'unseen_DTW': 0.0016, 'unseen_N': 5760, 'unseen_CRPS': 0.2589, 'unseen_NLL': -0.183, 'unseen_KL_Div': 18.0283, 'all_R2': 0.9188, 'all_KGE': 0.9239, 'all_ubRMSE': 0.3262, 'all_FreezeAcc': 96.81, 'all_DTW': 0.0007, 'all_N': 23040, 'all_CRPS': 0.0765, 'all_NLL': -1.4858, 'all_KL_Div': 39.9259, 'spatial_gap': -70976605415.2497, 'inference_s': 0.08}","{'seen_R2': 0.8477, 'seen_KGE': 0.4811, 'seen_ubRMSE': 0.6083, 'seen_FreezeAcc': 80.71, 'seen_DTW': 0.0403, 'seen_N': 5760, 'seen_CRPS': 0.3388, 'seen_NLL': 2.6103, 'seen_KL_Div': 4.0969, 'unseen_R2': -7886289357.139, 'unseen_KGE': nan, 'unseen_ubRMSE': 0.0, 'unseen_FreezeAcc': 100.0, 'unseen_DTW': 0.0004, 'unseen_N': 1920, 'unseen_CRPS': 0.0157, 'unseen_NLL': -1.9201, 'unseen_KL_Div': 15.0817, 'all_R2': 0.8496, 'all_KGE': 0.4572, 'all_ubRMSE': 0.5316, 'all_FreezeAcc': 85.53, 'all_DTW': 0.0336, 'all_N': 7680, 'all_CRPS': 0.258, 'all_NLL': 1.4777, 'all_KL_Div': 5.4446, 'spatial_gap': 7886289357.9867, 'inference_s': 0.03}","{'seen_R2': -23657684942.5302, 'seen_KGE': nan, 'seen_ubRMSE': 0.0, 'seen_FreezeAcc': 100.0, 'seen_DTW': 0.0004, 'seen_N': 5760, 'seen_CRPS': 0.0157, 'seen_NLL': -1.9201, 'seen_KL_Div': 14.9926, 'unseen_R2': 0.8388, 'unseen_KGE': 0.4907, 'unseen_ubRMSE': 0.1842, 'unseen_FreezeAcc': 83.07, 'unseen_DTW': 0.0287, 'unseen_N': 1920, 'unseen_CRPS': 0.0939, 'unseen_NLL': -0.2642, 'unseen_KL_Div': 3.5878, 'all_R2': 0.8374, 'all_KGE': -1.3501, 'all_ubRMSE': 0.0924, 'all_FreezeAcc': 95.77, 'all_DTW': 0.0202, 'all_N': 7680, 'all_CRPS': 0.0353, 'all_NLL': -1.5061, 'all_KL_Div': 3.1533, 'spatial_gap': -23657684943.369, 'inference_s': 0.03}",True
SpatialInformer,temp,ATTENTION,0.8562807176074207,"{'seen_R2': 0.7854, 'seen_KGE': 0.7148, 'seen_ubRMSE': 0.9676, 'seen_FreezeAcc': 91.15, 'seen_DTW': 0.0539, 'seen_N': 17280, 'seen_CRPS': 0.4703, 'seen_NLL': 1.6427, 'seen_KL_Div': 4.1975, 'unseen_R2': -8292733376.8846, 'unseen_KGE': nan, 'unseen_ubRMSE': 0.0048, 'unseen_FreezeAcc': 68.89, 'unseen_DTW': 0.0001, 'unseen_N': 5760, 'unseen_CRPS': 0.0388, 'unseen_NLL': -0.8844, 'unseen_KL_Div': 16.0292, 'all_R2': 0.801, 'all_KGE': 0.7153, 'all_ubRMSE': 0.8476, 'all_FreezeAcc': 85.58, 'all_DTW': 0.0493, 'all_N': 23040, 'all_CRPS': 0.3624, 'all_NLL': 1.0109, 'all_KL_Div': 5.3599, 'spatial_gap': 8292733377.67, 'inference_s': 0.09}","{'seen_R2': -20782570837.9282, 'seen_KGE': nan, 'seen_ubRMSE': 0.0043, 'seen_FreezeAcc': 77.78, 'seen_DTW': 0.0001, 'seen_N': 17280, 'seen_CRPS': 0.0384, 'seen_NLL': -0.8941, 'seen_KL_Div': 16.1084, 'unseen_R2': 0.7743, 'unseen_KGE': 0.5593, 'unseen_ubRMSE': 0.9516, 'unseen_FreezeAcc': 85.43, 'unseen_DTW': 0.0048, 'unseen_N': 5760, 'unseen_CRPS': 0.3991, 'unseen_NLL': 0.5437, 'unseen_KL_Div': 5.3549, 'all_R2': 0.8066, 'all_KGE': 0.5707, 'all_ubRMSE': 0.4979, 'all_FreezeAcc': 79.69, 'all_DTW': 0.0013, 'all_N': 23040, 'all_CRPS': 0.1286, 'all_NLL': -0.5346, 'all_KL_Div': 7.4928, 'spatial_gap': -20782570838.7025, 'inference_s': 0.09}","{'seen_R2': 0.8039, 'seen_KGE': 0.3496, 'seen_ubRMSE': 0.6839, 'seen_FreezeAcc': 82.99, 'seen_DTW': 0.1159, 'seen_N': 5760, 'seen_CRPS': 0.3657, 'seen_NLL': 1.1185, 'seen_KL_Div': 4.6137, 'unseen_R2': -3902402519.1797, 'unseen_KGE': nan, 'unseen_ubRMSE': 0.0051, 'unseen_FreezeAcc': 46.67, 'unseen_DTW': 0.0002, 'unseen_N': 1920, 'unseen_CRPS': 0.0398, 'unseen_NLL': -0.8604, 'unseen_KL_Div': 16.1424, 'all_R2': 0.8064, 'all_KGE': 0.3539, 'all_ubRMSE': 0.6015, 'all_FreezeAcc': 73.91, 'all_DTW': 0.1038, 'all_N': 7680, 'all_CRPS': 0.2843, 'all_NLL': 0.6238, 'all_KL_Div': 5.0089, 'spatial_gap': 3902402519.9836, 'inference_s': 0.03}","{'seen_R2': -8634120401.5675, 'seen_KGE': nan, 'seen_ubRMSE': 0.0049, 'seen_FreezeAcc': 66.67, 'seen_DTW': 0.0001, 'seen_N': 5760, 'seen_CRPS': 0.0389, 'seen_NLL': -0.882, 'seen_KL_Div': 16.0316, 'unseen_R2': 0.8586, 'unseen_KGE': 0.2837, 'unseen_ubRMSE': 0.1685, 'unseen_FreezeAcc': 84.43, 'unseen_DTW': 0.0344, 'unseen_N': 1920, 'unseen_CRPS': 0.0902, 'unseen_NLL': -0.4457, 'unseen_KL_Div': 2.393, 'all_R2': 0.8602, 'all_KGE': 0.5198, 'all_ubRMSE': 0.0886, 'all_FreezeAcc': 71.11, 'all_DTW': 0.0289, 'all_N': 7680, 'all_CRPS': 0.0517, 'all_NLL': -0.7729, 'all_KL_Div': 0.1657, 'spatial_gap': -8634120402.4261, 'inference_s': 0.03}",True
SpatialBiGRU,temp,SSM,0.915116783616248,"{'seen_R2': 0.8731, 'seen_KGE': 0.8873, 'seen_ubRMSE': 0.7706, 'seen_FreezeAcc': 92.78, 'seen_DTW': 0.0237, 'seen_N': 17280, 'seen_CRPS': 0.3372, 'seen_NLL': 0.6273, 'seen_KL_Div': 16.8595, 'unseen_R2': -65846863256.6944, 'unseen_KGE': nan, 'unseen_ubRMSE': 0.0, 'unseen_FreezeAcc': 0.0, 'unseen_DTW': 0.0011, 'unseen_N': 5760, 'unseen_CRPS': 0.0202, 'unseen_NLL': -1.9139, 'unseen_KL_Div': 14.9988, 'all_R2': 0.8823, 'all_KGE': 0.884, 'all_ubRMSE': 0.6678, 'all_FreezeAcc': 69.58, 'all_DTW': 0.0155, 'all_N': 23040, 'all_CRPS': 0.258, 'all_NLL': -0.008, 'all_KL_Div': 22.9794, 'spatial_gap': 65846863257.5675, 'inference_s': 0.18}","{'seen_R2': -197550449370.3379, 'seen_KGE': nan, 'seen_ubRMSE': 0.0, 'seen_FreezeAcc': 0.0, 'seen_DTW': 0.0011, 'seen_N': 17280, 'seen_CRPS': 0.0202, 'seen_NLL': -1.9139, 'seen_KL_Div': 15.0878, 'unseen_R2': 0.9124, 'unseen_KGE': 0.9337, 'unseen_ubRMSE': 0.6259, 'unseen_FreezeAcc': 87.85, 'unseen_DTW': 0.0013, 'unseen_N': 5760, 'unseen_CRPS': 0.2407, 'unseen_NLL': -0.0856, 'unseen_KL_Div': 20.3934, 'all_R2': 0.9243, 'all_KGE': 0.9222, 'all_ubRMSE': 0.3147, 'all_FreezeAcc': 21.96, 'all_DTW': 0.001, 'all_N': 23040, 'all_CRPS': 0.0753, 'all_NLL': -1.4569, 'all_KL_Div': 50.2767, 'spatial_gap': -197550449371.2503, 'inference_s': 0.18}","{'seen_R2': 0.8358, 'seen_KGE': 0.6073, 'seen_ubRMSE': 0.6449, 'seen_FreezeAcc': 84.65, 'seen_DTW': 0.0454, 'seen_N': 5760, 'seen_CRPS': 0.3599, 'seen_NLL': 7.3821, 'seen_KL_Div': 10.7808, 'unseen_R2': -21950054167.7012, 'unseen_KGE': nan, 'unseen_ubRMSE': 0.0, 'unseen_FreezeAcc': 0.0, 'unseen_DTW': 0.0011, 'unseen_N': 1920, 'unseen_CRPS': 0.0202, 'unseen_NLL': -1.9139, 'unseen_KL_Div': 15.0878, 'all_R2': 0.8379, 'all_KGE': 0.6331, 'all_ubRMSE': 0.5636, 'all_FreezeAcc': 63.49, 'all_DTW': 0.0391, 'all_N': 7680, 'all_CRPS': 0.275, 'all_NLL': 5.0581, 'all_KL_Div': 13.6908, 'spatial_gap': 21950054168.537, 'inference_s': 0.06}","{'seen_R2': -65846863256.6944, 'seen_KGE': nan, 'seen_ubRMSE': 0.0, 'seen_FreezeAcc': 0.0, 'seen_DTW': 0.0011, 'seen_N': 5760, 'seen_CRPS': 0.0202, 'seen_NLL': -1.9139, 'seen_KL_Div': 14.9988, 'unseen_R2': 0.891, 'unseen_KGE': 0.2954, 'unseen_ubRMSE': 0.1453, 'unseen_FreezeAcc': 84.32, 'unseen_DTW': 0.0214, 'unseen_N': 1920, 'unseen_CRPS': 0.0835, 'unseen_NLL': -0.1286, 'unseen_KL_Div': 4.7975, 'all_R2': 0.8785, 'all_KGE': -0.1564, 'all_ubRMSE': 0.0818, 'all_FreezeAcc': 21.08, 'all_DTW': 0.0126, 'all_N': 7680, 'all_CRPS': 0.036, 'all_NLL': -1.4676, 'all_KL_Div': 4.8595, 'spatial_gap': -65846863257.5854, 'inference_s': 0.06}",True
SpatialMamba,temp,SSM,0.9084213261955209,"{'seen_R2': 0.8829, 'seen_KGE': 0.9218, 'seen_ubRMSE': 0.7422, 'seen_FreezeAcc': 92.47, 'seen_DTW': 0.0234, 'seen_N': 17280, 'seen_CRPS': 0.334, 'seen_NLL': 2.3106, 'seen_KL_Div': 13.5023, 'unseen_R2': -4851662717.2536, 'unseen_KGE': nan, 'unseen_ubRMSE': 0.0, 'unseen_FreezeAcc': 100.0, 'unseen_DTW': 0.0001, 'unseen_N': 5760, 'unseen_CRPS': 0.0118, 'unseen_NLL': -2.1141, 'unseen_KL_Div': 14.7986, 'all_R2': 0.8914, 'all_KGE': 0.9258, 'all_ubRMSE': 0.6435, 'all_FreezeAcc': 94.35, 'all_DTW': 0.0195, 'all_N': 23040, 'all_CRPS': 0.2534, 'all_NLL': 1.2044, 'all_KL_Div': 18.5168, 'spatial_gap': 4851662718.1365, 'inference_s': 0.71}","{'seen_R2': -14555716513.5874, 'seen_KGE': nan, 'seen_ubRMSE': 0.0, 'seen_FreezeAcc': 100.0, 'seen_DTW': 0.0001, 'seen_N': 17280, 'seen_CRPS': 0.0118, 'seen_NLL': -2.1141, 'seen_KL_Div': 14.8876, 'unseen_R2': 0.9207, 'unseen_KGE': 0.9086, 'unseen_ubRMSE': 0.5959, 'unseen_FreezeAcc': 84.77, 'unseen_DTW': 0.0057, 'unseen_N': 5760, 'unseen_CRPS': 0.2323, 'unseen_NLL': -0.0711, 'unseen_KL_Div': 14.8486, 'all_R2': 0.932, 'all_KGE': 0.9328, 'all_ubRMSE': 0.2985, 'all_FreezeAcc': 96.19, 'all_DTW': 0.0008, 'all_N': 23040, 'all_CRPS': 0.0669, 'all_NLL': -1.6034, 'all_KL_Div': 38.5638, 'spatial_gap': -14555716514.5081, 'inference_s': 0.71}","{'seen_R2': 0.8275, 'seen_KGE': 0.6128, 'seen_ubRMSE': 0.6623, 'seen_FreezeAcc': 83.99, 'seen_DTW': 0.0567, 'seen_N': 5760, 'seen_CRPS': 0.3559, 'seen_NLL': 4.4739, 'seen_KL_Div': 6.1761, 'unseen_R2': -1617301701.4994, 'unseen_KGE': nan, 'unseen_ubRMSE': 0.0, 'unseen_FreezeAcc': 100.0, 'unseen_DTW': 0.0001, 'unseen_N': 1920, 'unseen_CRPS': 0.0118, 'unseen_NLL': -2.1141, 'unseen_KL_Div': 14.8876, 'all_R2': 0.8298, 'all_KGE': 0.6006, 'all_ubRMSE': 0.5762, 'all_FreezeAcc': 87.99, 'all_DTW': 0.0479, 'all_N': 7680, 'all_CRPS': 0.2699, 'all_NLL': 2.8269, 'all_KL_Div': 8.082, 'spatial_gap': 1617301702.3269, 'inference_s': 0.24}","{'seen_R2': -4851663313.2703, 'seen_KGE': nan, 'seen_ubRMSE': 0.0, 'seen_FreezeAcc': 100.0, 'seen_DTW': 0.0001, 'seen_N': 5760, 'seen_CRPS': 0.0118, 'seen_NLL': -2.1141, 'seen_KL_Div': 14.7986, 'unseen_R2': 0.9, 'unseen_KGE': 0.502, 'unseen_ubRMSE': 0.1434, 'unseen_FreezeAcc': 87.19, 'unseen_DTW': 0.0171, 'unseen_N': 1920, 'unseen_CRPS': 0.076, 'unseen_NLL': -0.414, 'unseen_KL_Div': 8.0452, 'all_R2': 0.9014, 'all_KGE': -0.5407, 'all_ubRMSE': 0.0727, 'all_FreezeAcc': 96.8, 'all_DTW': 0.0105, 'all_N': 7680, 'all_CRPS': 0.0278, 'all_NLL': -1.6891, 'all_KL_Div': 5.5855, 'spatial_gap': -4851663314.1703, 'inference_s': 0.24}",True
SpatialS4,temp,SSM,0.905238570092853,"{'seen_R2': 0.8827, 'seen_KGE': 0.9397, 'seen_ubRMSE': 0.745, 'seen_FreezeAcc': 92.52, 'seen_DTW': 0.0344, 'seen_N': 17280, 'seen_CRPS': 0.3413, 'seen_NLL': 2.6568, 'seen_KL_Div': 7.6246, 'unseen_R2': -9382906873.3176, 'unseen_KGE': nan, 'unseen_ubRMSE': 0.0, 'unseen_FreezeAcc': 0.0, 'unseen_DTW': 0.0002, 'unseen_N': 5760, 'unseen_CRPS': 0.0356, 'unseen_NLL': -0.9707, 'unseen_KL_Div': 15.9419, 'all_R2': 0.8913, 'all_KGE': 0.9444, 'all_ubRMSE': 0.6453, 'all_FreezeAcc': 69.39, 'all_DTW': 0.0319, 'all_N': 23040, 'all_CRPS': 0.2649, 'all_NLL': 1.7499, 'all_KL_Div': 9.3284, 'spatial_gap': 9382906874.2003, 'inference_s': 0.86}","{'seen_R2': -28150119780.4941, 'seen_KGE': nan, 'seen_ubRMSE': 0.0, 'seen_FreezeAcc': 0.0, 'seen_DTW': 0.0002, 'seen_N': 17280, 'seen_CRPS': 0.0356, 'seen_NLL': -0.9707, 'seen_KL_Div': 16.031, 'unseen_R2': 0.8671, 'unseen_KGE': 0.7782, 'unseen_ubRMSE': 0.7531, 'unseen_FreezeAcc': 90.02, 'unseen_DTW': 0.0017, 'unseen_N': 5760, 'unseen_CRPS': 0.2913, 'unseen_NLL': 0.2245, 'unseen_KL_Div': 10.9573, 'all_R2': 0.8861, 'all_KGE': 0.8006, 'all_ubRMSE': 0.385, 'all_FreezeAcc': 22.5, 'all_DTW': 0.001, 'all_N': 23040, 'all_CRPS': 0.0995, 'all_NLL': -0.6719, 'all_KL_Div': 11.7881, 'spatial_gap': -28150119781.3612, 'inference_s': 0.86}","{'seen_R2': 0.8252, 'seen_KGE': 0.509, 'seen_ubRMSE': 0.6592, 'seen_FreezeAcc': 83.91, 'seen_DTW': 0.0706, 'seen_N': 5760, 'seen_CRPS': 0.3537, 'seen_NLL': 1.4878, 'seen_KL_Div': 5.042, 'unseen_R2': -3127791880.5613, 'unseen_KGE': nan, 'unseen_ubRMSE': 0.0, 'unseen_FreezeAcc': 0.0, 'unseen_DTW': 0.0002, 'unseen_N': 1920, 'unseen_CRPS': 0.0356, 'unseen_NLL': -0.9707, 'unseen_KL_Div': 16.031, 'all_R2': 0.8275, 'all_KGE': 0.5145, 'all_ubRMSE': 0.5764, 'all_FreezeAcc': 62.93, 'all_DTW': 0.0578, 'all_N': 7680, 'all_CRPS': 0.2742, 'all_NLL': 0.8731, 'all_KL_Div': 5.5907, 'spatial_gap': 3127791881.3865, 'inference_s': 0.29}","{'seen_R2': -9382904489.2509, 'seen_KGE': nan, 'seen_ubRMSE': 0.0, 'seen_FreezeAcc': 0.0, 'seen_DTW': 0.0002, 'seen_N': 5760, 'seen_CRPS': 0.0356, 'seen_NLL': -0.9707, 'seen_KL_Div': 15.9419, 'unseen_R2': 0.8839, 'unseen_KGE': 0.3709, 'unseen_ubRMSE': 0.1531, 'unseen_FreezeAcc': 86.15, 'unseen_DTW': 0.0318, 'unseen_N': 1920, 'unseen_CRPS': 0.081, 'unseen_NLL': -0.5541, 'unseen_KL_Div': 2.905, 'all_R2': 0.8846, 'all_KGE': 0.7387, 'all_ubRMSE': 0.0806, 'all_FreezeAcc': 21.54, 'all_DTW': 0.0253, 'all_N': 7680, 'all_CRPS': 0.047, 'all_NLL': -0.8666, 'all_KL_Div': 0.2712, 'spatial_gap': -9382904490.1348, 'inference_s': 0.29}",True
SpatialFuseMoE,temp,SSM,0.9215548059168119,"{'seen_R2': 0.8725, 'seen_KGE': 0.9305, 'seen_ubRMSE': 0.7763, 'seen_FreezeAcc': 90.52, 'seen_DTW': 0.0293, 'seen_N': 17280, 'seen_CRPS': 0.366, 'seen_NLL': 2.7959, 'seen_KL_Div': 10.7641, 'unseen_R2': -9625470161.8751, 'unseen_KGE': nan, 'unseen_ubRMSE': 0.0, 'unseen_FreezeAcc': 0.0, 'unseen_DTW': 0.0002, 'unseen_N': 5760, 'unseen_CRPS': 0.0323, 'unseen_NLL': -1.0703, 'unseen_KL_Div': 15.8424, 'all_R2': 0.8818, 'all_KGE': 0.9332, 'all_ubRMSE': 0.6724, 'all_FreezeAcc': 67.89, 'all_DTW': 0.0228, 'all_N': 23040, 'all_CRPS': 0.2825, 'all_NLL': 1.8294, 'all_KL_Div': 12.9516, 'spatial_gap': 9625470162.7476, 'inference_s': 0.79}","{'seen_R2': -28877856730.4148, 'seen_KGE': nan, 'seen_ubRMSE': 0.0, 'seen_FreezeAcc': 0.0, 'seen_DTW': 0.0002, 'seen_N': 17280, 'seen_CRPS': 0.0323, 'seen_NLL': -1.0703, 'seen_KL_Div': 15.9315, 'unseen_R2': 0.9115, 'unseen_KGE': 0.9326, 'unseen_ubRMSE': 0.6304, 'unseen_FreezeAcc': 88.21, 'unseen_DTW': 0.0021, 'unseen_N': 5760, 'unseen_CRPS': 0.2484, 'unseen_NLL': 0.0057, 'unseen_KL_Div': 15.7656, 'all_R2': 0.9241, 'all_KGE': 0.9203, 'all_ubRMSE': 0.3152, 'all_FreezeAcc': 22.05, 'all_DTW': 0.0003, 'all_N': 23040, 'all_CRPS': 0.0863, 'all_NLL': -0.8013, 'all_KL_Div': 15.8069, 'spatial_gap': -28877856731.3263, 'inference_s': 0.78}","{'seen_R2': 0.8179, 'seen_KGE': 0.543, 'seen_ubRMSE': 0.6755, 'seen_FreezeAcc': 83.82, 'seen_DTW': 0.0675, 'seen_N': 5760, 'seen_CRPS': 0.3752, 'seen_NLL': 6.8914, 'seen_KL_Div': 9.9222, 'unseen_R2': -3208650349.5707, 'unseen_KGE': nan, 'unseen_ubRMSE': 0.0, 'unseen_FreezeAcc': 0.0, 'unseen_DTW': 0.0002, 'unseen_N': 1920, 'unseen_CRPS': 0.0323, 'unseen_NLL': -1.0703, 'unseen_KL_Div': 15.9315, 'all_R2': 0.8203, 'all_KGE': 0.5498, 'all_ubRMSE': 0.59, 'all_FreezeAcc': 62.86, 'all_DTW': 0.0593, 'all_N': 7680, 'all_CRPS': 0.2895, 'all_NLL': 4.9009, 'all_KL_Div': 10.4286, 'spatial_gap': 3208650350.3886, 'inference_s': 0.26}","{'seen_R2': -9625471949.9252, 'seen_KGE': nan, 'seen_ubRMSE': 0.0, 'seen_FreezeAcc': 0.0, 'seen_DTW': 0.0002, 'seen_N': 5760, 'seen_CRPS': 0.0323, 'seen_NLL': -1.0703, 'seen_KL_Div': 15.8424, 'unseen_R2': 0.8859, 'unseen_KGE': 0.5612, 'unseen_ubRMSE': 0.1548, 'unseen_FreezeAcc': 84.43, 'unseen_DTW': 0.0212, 'unseen_N': 1920, 'unseen_CRPS': 0.0866, 'unseen_NLL': -0.0381, 'unseen_KL_Div': 4.0173, 'all_R2': 0.8866, 'all_KGE': 0.8311, 'all_ubRMSE': 0.0799, 'all_FreezeAcc': 21.11, 'all_DTW': 0.0148, 'all_N': 7680, 'all_CRPS': 0.0459, 'all_NLL': -0.8122, 'all_KL_Div': 0.4529, 'spatial_gap': -9625471950.8111, 'inference_s': 0.26}",True
BiGRU_NoGCN,smap,ABLATION,0.9454241779671613,"{'seen_R2': 0.9401, 'seen_KGE': 0.8121, 'seen_ubRMSE': 0.323, 'seen_FreezeAcc': 95.74, 'seen_DTW': 0.0018, 'seen_N': 17280, 'seen_CRPS': 0.126, 'seen_NLL': -0.4645, 'seen_KL_Div': 8.0226, 'unseen_R2': -16040680100.9465, 'unseen_KGE': nan, 'unseen_ubRMSE': 0.0, 'unseen_FreezeAcc': 100.0, 'unseen_DTW': 0.0003, 'unseen_N': 5760, 'unseen_CRPS': 0.0173, 'unseen_NLL': -1.7538, 'unseen_KL_Div': 15.1589, 'all_R2': 0.9404, 'all_KGE': 0.8372, 'all_ubRMSE': 0.2807, 'all_FreezeAcc': 96.81, 'all_DTW': 0.0014, 'all_N': 23040, 'all_CRPS': 0.0988, 'all_NLL': -0.7868, 'all_KL_Div': 9.5508, 'spatial_gap': 16040680101.8866, 'inference_s': 0.24}","{'seen_R2': -48124451636.2681, 'seen_KGE': nan, 'seen_ubRMSE': 0.0, 'seen_FreezeAcc': 100.0, 'seen_DTW': 0.0003, 'seen_N': 17280, 'seen_CRPS': 0.0173, 'seen_NLL': -1.7538, 'seen_KL_Div': 15.2479, 'unseen_R2': 0.9164, 'unseen_KGE': 0.7072, 'unseen_ubRMSE': 0.417, 'unseen_FreezeAcc': 92.69, 'unseen_DTW': 0.001, 'unseen_N': 5760, 'unseen_CRPS': 0.1645, 'unseen_NLL': -0.2893, 'unseen_KL_Div': 10.9535, 'all_R2': 0.9189, 'all_KGE': 0.5133, 'all_ubRMSE': 0.2106, 'all_FreezeAcc': 98.17, 'all_DTW': 0.0003, 'all_N': 23040, 'all_CRPS': 0.0541, 'all_NLL': -1.3877, 'all_KL_Div': 16.4919, 'spatial_gap': -48124451637.1845, 'inference_s': 0.24}","{'seen_R2': 0.9552, 'seen_KGE': 0.6417, 'seen_ubRMSE': 0.1781, 'seen_FreezeAcc': 98.14, 'seen_DTW': 0.0135, 'seen_N': 5760, 'seen_CRPS': 0.0807, 'seen_NLL': -0.6196, 'seen_KL_Div': 5.5245, 'unseen_R2': -5347160695.9833, 'unseen_KGE': nan, 'unseen_ubRMSE': 0.0, 'unseen_FreezeAcc': 100.0, 'unseen_DTW': 0.0003, 'unseen_N': 1920, 'unseen_CRPS': 0.0173, 'unseen_NLL': -1.7538, 'unseen_KL_Div': 15.2479, 'all_R2': 0.9551, 'all_KGE': 0.5201, 'all_ubRMSE': 0.1542, 'all_FreezeAcc': 98.61, 'all_DTW': 0.0126, 'all_N': 7680, 'all_CRPS': 0.0648, 'all_NLL': -0.9031, 'all_KL_Div': 6.2204, 'spatial_gap': 5347160696.9385, 'inference_s': 0.08}","{'seen_R2': -16040680100.9465, 'seen_KGE': nan, 'seen_ubRMSE': 0.0, 'seen_FreezeAcc': 100.0, 'seen_DTW': 0.0003, 'seen_N': 5760, 'seen_CRPS': 0.0173, 'seen_NLL': -1.7538, 'seen_KL_Div': 15.1589, 'unseen_R2': 0.9928, 'unseen_KGE': -1.8286, 'unseen_ubRMSE': 0.0624, 'unseen_FreezeAcc': 99.43, 'unseen_DTW': 0.0033, 'unseen_N': 1920, 'unseen_CRPS': 0.052, 'unseen_NLL': -0.8285, 'unseen_KL_Div': 6.7223, 'all_R2': 0.9914, 'all_KGE': -2.5303, 'all_ubRMSE': 0.0312, 'all_FreezeAcc': 99.86, 'all_DTW': 0.0024, 'all_N': 7680, 'all_CRPS': 0.026, 'all_NLL': -1.5225, 'all_KL_Div': 6.111, 'spatial_gap': -16040680101.9393, 'inference_s': 0.08}",True
GCN_NoTemporal,smap,ABLATION,0.9592297128240398,"{'seen_R2': 0.938, 'seen_KGE': 0.8714, 'seen_ubRMSE': 0.33, 'seen_FreezeAcc': 95.13, 'seen_DTW': 0.0015, 'seen_N': 17280, 'seen_CRPS': 0.1374, 'seen_NLL': -0.4977, 'seen_KL_Div': 9.354, 'unseen_R2': -35860906941.7869, 'unseen_KGE': nan, 'unseen_ubRMSE': 0.0, 'unseen_FreezeAcc': 100.0, 'unseen_DTW': 0.0006, 'unseen_N': 5760, 'unseen_CRPS': 0.0182, 'unseen_NLL': -1.801, 'unseen_KL_Div': 15.1117, 'all_R2': 0.9382, 'all_KGE': 0.832, 'all_ubRMSE': 0.2858, 'all_FreezeAcc': 96.35, 'all_DTW': 0.0016, 'all_N': 23040, 'all_CRPS': 0.1076, 'all_NLL': -0.8235, 'all_KL_Div': 11.1744, 'spatial_gap': 35860906942.7249, 'inference_s': 0.06}","{'seen_R2': -107588109969.0928, 'seen_KGE': nan, 'seen_ubRMSE': 0.0, 'seen_FreezeAcc': 100.0, 'seen_DTW': 0.0006, 'seen_N': 17280, 'seen_CRPS': 0.0182, 'seen_NLL': -1.801, 'seen_KL_Div': 15.2008, 'unseen_R2': 0.8391, 'unseen_KGE': 0.3683, 'unseen_ubRMSE': 0.5598, 'unseen_FreezeAcc': 92.12, 'unseen_DTW': 0.0014, 'unseen_N': 5760, 'unseen_CRPS': 0.2452, 'unseen_NLL': 0.2515, 'unseen_KL_Div': 15.7839, 'all_R2': 0.8439, 'all_KGE': 0.0591, 'all_ubRMSE': 0.2886, 'all_FreezeAcc': 98.03, 'all_DTW': 0.0005, 'all_N': 23040, 'all_CRPS': 0.0749, 'all_NLL': -1.2879, 'all_KL_Div': 22.2047, 'spatial_gap': -107588109969.9319, 'inference_s': 0.06}","{'seen_R2': 0.9182, 'seen_KGE': -0.6769, 'seen_ubRMSE': 0.2238, 'seen_FreezeAcc': 96.81, 'seen_DTW': 0.0228, 'seen_N': 5760, 'seen_CRPS': 0.0855, 'seen_NLL': -0.591, 'seen_KL_Div': 20.7886, 'unseen_R2': -11954233645.3928, 'unseen_KGE': nan, 'unseen_ubRMSE': 0.0, 'unseen_FreezeAcc': 100.0, 'unseen_DTW': 0.0006, 'unseen_N': 1920, 'unseen_CRPS': 0.0182, 'unseen_NLL': -1.801, 'unseen_KL_Div': 15.2008, 'all_R2': 0.918, 'all_KGE': -0.936, 'all_ubRMSE': 0.196, 'all_FreezeAcc': 97.6, 'all_DTW': 0.0214, 'all_N': 7680, 'all_CRPS': 0.0687, 'all_NLL': -0.8935, 'all_KL_Div': 20.5224, 'spatial_gap': 11954233646.311, 'inference_s': 0.02}","{'seen_R2': -35860906941.7869, 'seen_KGE': nan, 'seen_ubRMSE': 0.0, 'seen_FreezeAcc': 100.0, 'seen_DTW': 0.0006, 'seen_N': 5760, 'seen_CRPS': 0.0182, 'seen_NLL': -1.801, 'seen_KL_Div': 15.1117, 'unseen_R2': 0.9727, 'unseen_KGE': -2.4818, 'unseen_ubRMSE': 0.1252, 'unseen_FreezeAcc': 99.43, 'unseen_DTW': 0.0371, 'unseen_N': 1920, 'unseen_CRPS': 0.0491, 'unseen_NLL': -1.1296, 'unseen_KL_Div': 57.1585, 'all_R2': 0.9695, 'all_KGE': -4.0111, 'all_ubRMSE': 0.0626, 'all_FreezeAcc': 99.86, 'all_DTW': 0.0332, 'all_N': 7680, 'all_CRPS': 0.0259, 'all_NLL': -1.6331, 'all_KL_Div': 16.538, 'spatial_gap': -35860906942.7596, 'inference_s': 0.03}",True
DeepESN,smap,RESERVOIR,0.7754914825522196,"{'seen_R2': 0.7178, 'seen_KGE': -0.3366, 'seen_ubRMSE': 0.6572, 'seen_FreezeAcc': 91.42, 'seen_DTW': 0.0006, 'seen_N': 17280, 'seen_CRPS': 0.2783, 'seen_NLL': -0.2774, 'seen_KL_Div': 3.6428, 'unseen_R2': -99992372235.3593, 'unseen_KGE': nan, 'unseen_ubRMSE': 0.0, 'unseen_FreezeAcc': 100.0, 'unseen_DTW': 0.0017, 'unseen_N': 5760, 'unseen_CRPS': 0.0269, 'unseen_NLL': -1.632, 'unseen_KL_Div': 15.2807, 'all_R2': 0.7192, 'all_KGE': -0.4261, 'all_ubRMSE': 0.5767, 'all_FreezeAcc': 93.56, 'all_DTW': 0.0009, 'all_N': 23040, 'all_CRPS': 0.2154, 'all_NLL': -0.6161, 'all_KL_Div': 4.9556, 'spatial_gap': 99992372236.0771, 'inference_s': 0.14}","{'seen_R2': -299992084502.1738, 'seen_KGE': nan, 'seen_ubRMSE': 0.0, 'seen_FreezeAcc': 100.0, 'seen_DTW': 0.0017, 'seen_N': 17280, 'seen_CRPS': 0.0269, 'seen_NLL': -1.632, 'seen_KL_Div': 15.3697, 'unseen_R2': 0.5477, 'unseen_KGE': -0.241, 'unseen_ubRMSE': 0.9212, 'unseen_FreezeAcc': 88.56, 'unseen_DTW': 0.0019, 'unseen_N': 5760, 'unseen_CRPS': 0.394, 'unseen_NLL': 0.1567, 'unseen_KL_Div': 4.4443, 'all_R2': 0.561, 'all_KGE': -0.7659, 'all_ubRMSE': 0.4811, 'all_FreezeAcc': 97.14, 'all_DTW': 0.0015, 'all_N': 23040, 'all_CRPS': 0.1187, 'all_NLL': -1.1849, 'all_KL_Div': 14.6385, 'spatial_gap': -299992084502.7216, 'inference_s': 0.14}","{'seen_R2': 0.8539, 'seen_KGE': -1.0026, 'seen_ubRMSE': 0.3042, 'seen_FreezeAcc': 95.31, 'seen_DTW': 0.0485, 'seen_N': 5760, 'seen_CRPS': 0.11, 'seen_NLL': -0.444, 'seen_KL_Div': 11.3975, 'unseen_R2': -33332455157.2336, 'unseen_KGE': nan, 'unseen_ubRMSE': 0.0, 'unseen_FreezeAcc': 100.0, 'unseen_DTW': 0.0017, 'unseen_N': 1920, 'unseen_CRPS': 0.0269, 'unseen_NLL': -1.632, 'unseen_KL_Div': 15.3697, 'all_R2': 0.8533, 'all_KGE': -1.3883, 'all_ubRMSE': 0.265, 'all_FreezeAcc': 96.48, 'all_DTW': 0.0469, 'all_N': 7680, 'all_CRPS': 0.0892, 'all_NLL': -0.741, 'all_KL_Div': 13.7999, 'spatial_gap': 33332455158.0875, 'inference_s': 0.05}","{'seen_R2': -99992372235.3593, 'seen_KGE': nan, 'seen_ubRMSE': 0.0, 'seen_FreezeAcc': 100.0, 'seen_DTW': 0.0017, 'seen_N': 5760, 'seen_CRPS': 0.0269, 'seen_NLL': -1.632, 'seen_KL_Div': 15.2807, 'unseen_R2': 0.9444, 'unseen_KGE': -1.0454, 'unseen_ubRMSE': 0.1815, 'unseen_FreezeAcc': 99.64, 'unseen_DTW': 0.0635, 'unseen_N': 1920, 'unseen_CRPS': 0.0771, 'unseen_NLL': -0.7351, 'unseen_KL_Div': 10.6159, 'all_R2': 0.9357, 'all_KGE': -6.0175, 'all_ubRMSE': 0.0915, 'all_FreezeAcc': 99.91, 'all_DTW': 0.0616, 'all_N': 7680, 'all_CRPS': 0.0395, 'all_NLL': -1.4078, 'all_KL_Div': 17.864, 'spatial_gap': -99992372236.3037, 'inference_s': 0.05}",True
SpatialESN,smap,RESERVOIR,0.9419571926488485,"{'seen_R2': 0.9056, 'seen_KGE': 0.6726, 'seen_ubRMSE': 0.4033, 'seen_FreezeAcc': 95.51, 'seen_DTW': 0.0009, 'seen_N': 17280, 'seen_CRPS': 0.1598, 'seen_NLL': -0.6616, 'seen_KL_Div': 10.3004, 'unseen_R2': -1058354251.4405, 'unseen_KGE': nan, 'unseen_ubRMSE': 0.0, 'unseen_FreezeAcc': 100.0, 'unseen_DTW': 0.0, 'unseen_N': 5760, 'unseen_CRPS': 0.0063, 'unseen_NLL': -2.7316, 'unseen_KL_Div': 14.1811, 'all_R2': 0.9062, 'all_KGE': 0.6746, 'all_ubRMSE': 0.3504, 'all_FreezeAcc': 96.63, 'all_DTW': 0.0007, 'all_N': 23040, 'all_CRPS': 0.1214, 'all_NLL': -1.1791, 'all_KL_Div': 13.3949, 'spatial_gap': 1058354252.3461, 'inference_s': 0.1}","{'seen_R2': -3175221084.5484, 'seen_KGE': nan, 'seen_ubRMSE': 0.0, 'seen_FreezeAcc': 100.0, 'seen_DTW': 0.0, 'seen_N': 17280, 'seen_CRPS': 0.0063, 'seen_NLL': -2.7316, 'seen_KL_Div': 14.2701, 'unseen_R2': 0.7673, 'unseen_KGE': 0.0467, 'unseen_ubRMSE': 0.6497, 'unseen_FreezeAcc': 91.65, 'unseen_DTW': 0.001, 'unseen_N': 5760, 'unseen_CRPS': 0.2896, 'unseen_NLL': 0.0255, 'unseen_KL_Div': 13.7052, 'all_R2': 0.7754, 'all_KGE': 0.0025, 'all_ubRMSE': 0.3484, 'all_FreezeAcc': 97.91, 'all_DTW': 0.0, 'all_N': 23040, 'all_CRPS': 0.0771, 'all_NLL': -2.0423, 'all_KL_Div': 35.8889, 'spatial_gap': -3175221085.3157, 'inference_s': 0.09}","{'seen_R2': 0.9053, 'seen_KGE': -0.351, 'seen_ubRMSE': 0.2496, 'seen_FreezeAcc': 96.61, 'seen_DTW': 0.0633, 'seen_N': 5760, 'seen_CRPS': 0.0925, 'seen_NLL': -0.7839, 'seen_KL_Div': 19.239, 'unseen_R2': -352802424.6229, 'unseen_KGE': nan, 'unseen_ubRMSE': 0.0, 'unseen_FreezeAcc': 100.0, 'unseen_DTW': 0.0, 'unseen_N': 1920, 'unseen_CRPS': 0.0063, 'unseen_NLL': -2.7316, 'unseen_KL_Div': 14.2701, 'all_R2': 0.9054, 'all_KGE': -0.4019, 'all_ubRMSE': 0.2187, 'all_FreezeAcc': 97.46, 'all_DTW': 0.0614, 'all_N': 7680, 'all_CRPS': 0.0709, 'all_NLL': -1.2708, 'all_KL_Div': 22.8802, 'spatial_gap': 352802425.5282, 'inference_s': 0.03}","{'seen_R2': -1058354102.4364, 'seen_KGE': nan, 'seen_ubRMSE': 0.0, 'seen_FreezeAcc': 100.0, 'seen_DTW': 0.0, 'seen_N': 5760, 'seen_CRPS': 0.0063, 'seen_NLL': -2.7316, 'seen_KL_Div': 14.1811, 'unseen_R2': 0.9336, 'unseen_KGE': -6.6736, 'unseen_ubRMSE': 0.1913, 'unseen_FreezeAcc': 99.69, 'unseen_DTW': 0.1112, 'unseen_N': 1920, 'unseen_CRPS': 0.0649, 'unseen_NLL': -1.1686, 'unseen_KL_Div': 41.9394, 'all_R2': 0.9335, 'all_KGE': -1.1022, 'all_ubRMSE': 0.099, 'all_FreezeAcc': 99.92, 'all_DTW': 0.103, 'all_N': 7680, 'all_CRPS': 0.0209, 'all_NLL': -2.3409, 'all_KL_Div': 44.591, 'spatial_gap': -1058354103.37, 'inference_s': 0.03}",True
GraphSAGE,smap,GRAPH,0.9745711932851736,"{'seen_R2': 0.9607, 'seen_KGE': 0.8389, 'seen_ubRMSE': 0.2613, 'seen_FreezeAcc': 97.77, 'seen_DTW': 0.0001, 'seen_N': 17280, 'seen_CRPS': 0.0869, 'seen_NLL': -1.3984, 'seen_KL_Div': 65.8013, 'unseen_R2': -1725702793.3508, 'unseen_KGE': nan, 'unseen_ubRMSE': 0.0002, 'unseen_FreezeAcc': 100.0, 'unseen_DTW': 0.0, 'unseen_N': 5760, 'unseen_CRPS': 0.0037, 'unseen_NLL': -3.4512, 'unseen_KL_Div': 13.4614, 'all_R2': 0.9609, 'all_KGE': 0.8457, 'all_ubRMSE': 0.2269, 'all_FreezeAcc': 98.33, 'all_DTW': 0.0001, 'all_N': 23040, 'all_CRPS': 0.0661, 'all_NLL': -1.9116, 'all_KL_Div': 83.3377, 'spatial_gap': 1725702794.3115, 'inference_s': 0.29}","{'seen_R2': -5178009866.6682, 'seen_KGE': nan, 'seen_ubRMSE': 0.0002, 'seen_FreezeAcc': 100.0, 'seen_DTW': 0.0, 'seen_N': 17280, 'seen_CRPS': 0.0037, 'seen_NLL': -3.4512, 'seen_KL_Div': 13.5504, 'unseen_R2': 0.94, 'unseen_KGE': 0.7465, 'unseen_ubRMSE': 0.3528, 'unseen_FreezeAcc': 95.94, 'unseen_DTW': 0.0003, 'unseen_N': 5760, 'unseen_CRPS': 0.1328, 'unseen_NLL': -0.9071, 'unseen_KL_Div': 77.1405, 'all_R2': 0.942, 'all_KGE': 0.6694, 'all_ubRMSE': 0.1789, 'all_FreezeAcc': 98.98, 'all_DTW': 0.0001, 'all_N': 23040, 'all_CRPS': 0.036, 'all_NLL': -2.8152, 'all_KL_Div': 195.9601, 'spatial_gap': -5178009867.6082, 'inference_s': 0.29}","{'seen_R2': 0.9825, 'seen_KGE': 0.603, 'seen_ubRMSE': 0.1096, 'seen_FreezeAcc': 98.58, 'seen_DTW': 0.0041, 'seen_N': 5760, 'seen_CRPS': 0.0369, 'seen_NLL': -1.749, 'seen_KL_Div': 91.9041, 'unseen_R2': -575263014.9259, 'unseen_KGE': nan, 'unseen_ubRMSE': 0.0002, 'unseen_FreezeAcc': 100.0, 'unseen_DTW': 0.0, 'unseen_N': 1920, 'unseen_CRPS': 0.0037, 'unseen_NLL': -3.4512, 'unseen_KL_Div': 13.5504, 'all_R2': 0.9825, 'all_KGE': 0.5445, 'all_ubRMSE': 0.0952, 'all_FreezeAcc': 98.93, 'all_DTW': 0.004, 'all_N': 7680, 'all_CRPS': 0.0286, 'all_NLL': -2.1745, 'all_KL_Div': 109.4839, 'spatial_gap': 575263015.9084, 'inference_s': 0.1}","{'seen_R2': -1725917061.344, 'seen_KGE': nan, 'seen_ubRMSE': 0.0002, 'seen_FreezeAcc': 100.0, 'seen_DTW': 0.0, 'seen_N': 5760, 'seen_CRPS': 0.0037, 'seen_NLL': -3.4512, 'seen_KL_Div': 13.4614, 'unseen_R2': 0.9981, 'unseen_KGE': -1.2342, 'unseen_ubRMSE': 0.03, 'unseen_FreezeAcc': 99.79, 'unseen_DTW': 0.002, 'unseen_N': 1920, 'unseen_CRPS': 0.0173, 'unseen_NLL': -2.1884, 'unseen_KL_Div': 143.2727, 'all_R2': 0.9979, 'all_KGE': -0.6253, 'all_ubRMSE': 0.0157, 'all_FreezeAcc': 99.95, 'all_DTW': 0.0016, 'all_N': 7680, 'all_CRPS': 0.0071, 'all_NLL': -3.1355, 'all_KL_Div': 188.6585, 'spatial_gap': -1725917062.3421, 'inference_s': 0.1}",True
GAT,smap,GRAPH,0.9646020577791435,"{'seen_R2': 0.9538, 'seen_KGE': 0.7408, 'seen_ubRMSE': 0.2811, 'seen_FreezeAcc': 97.83, 'seen_DTW': 0.0014, 'seen_N': 17280, 'seen_CRPS': 0.0961, 'seen_NLL': -1.1759, 'seen_KL_Div': 43.5214, 'unseen_R2': -154298880.7794, 'unseen_KGE': nan, 'unseen_ubRMSE': 0.0, 'unseen_FreezeAcc': 100.0, 'unseen_DTW': 0.0, 'unseen_N': 5760, 'unseen_CRPS': 0.0038, 'unseen_NLL': -3.2177, 'unseen_KL_Div': 13.695, 'all_R2': 0.954, 'all_KGE': 0.7345, 'all_ubRMSE': 0.2443, 'all_FreezeAcc': 98.37, 'all_DTW': 0.0009, 'all_N': 23040, 'all_CRPS': 0.073, 'all_NLL': -1.6864, 'all_KL_Div': 54.6925, 'spatial_gap': 154298881.7332, 'inference_s': 0.31}","{'seen_R2': -462919733.4184, 'seen_KGE': nan, 'seen_ubRMSE': 0.0, 'seen_FreezeAcc': 100.0, 'seen_DTW': 0.0, 'seen_N': 17280, 'seen_CRPS': 0.0038, 'seen_NLL': -3.2177, 'seen_KL_Div': 13.7841, 'unseen_R2': 0.9301, 'unseen_KGE': 0.8066, 'unseen_ubRMSE': 0.3861, 'unseen_FreezeAcc': 94.72, 'unseen_DTW': 0.0007, 'unseen_N': 5760, 'unseen_CRPS': 0.1446, 'unseen_NLL': -0.6953, 'unseen_KL_Div': 50.5227, 'all_R2': 0.9325, 'all_KGE': 0.8075, 'all_ubRMSE': 0.1943, 'all_FreezeAcc': 98.68, 'all_DTW': 0.0002, 'all_N': 23040, 'all_CRPS': 0.039, 'all_NLL': -2.5871, 'all_KL_Div': 120.7897, 'spatial_gap': -462919734.3485, 'inference_s': 0.3}","{'seen_R2': 0.9804, 'seen_KGE': 0.5122, 'seen_ubRMSE': 0.1152, 'seen_FreezeAcc': 98.68, 'seen_DTW': 0.0029, 'seen_N': 5760, 'seen_CRPS': 0.047, 'seen_NLL': -1.4413, 'seen_KL_Div': 64.4099, 'unseen_R2': -51435510.5592, 'unseen_KGE': nan, 'unseen_ubRMSE': 0.0, 'unseen_FreezeAcc': 100.0, 'unseen_DTW': 0.0, 'unseen_N': 1920, 'unseen_CRPS': 0.0038, 'unseen_NLL': -3.2177, 'unseen_KL_Div': 13.7841, 'all_R2': 0.9805, 'all_KGE': 0.4734, 'all_ubRMSE': 0.1004, 'all_FreezeAcc': 99.01, 'all_DTW': 0.0029, 'all_N': 7680, 'all_CRPS': 0.0362, 'all_NLL': -1.8854, 'all_KL_Div': 75.12, 'spatial_gap': 51435511.5396, 'inference_s': 0.1}","{'seen_R2': -154298815.5901, 'seen_KGE': nan, 'seen_ubRMSE': 0.0, 'seen_FreezeAcc': 100.0, 'seen_DTW': 0.0, 'seen_N': 5760, 'seen_CRPS': 0.0038, 'seen_NLL': -3.2177, 'seen_KL_Div': 13.695, 'unseen_R2': 0.9895, 'unseen_KGE': -1.8547, 'unseen_ubRMSE': 0.0764, 'unseen_FreezeAcc': 99.79, 'unseen_DTW': 0.0074, 'unseen_N': 1920, 'unseen_CRPS': 0.0325, 'unseen_NLL': -1.8019, 'unseen_KL_Div': 94.9778, 'all_R2': 0.9895, 'all_KGE': -0.27, 'all_ubRMSE': 0.0391, 'all_FreezeAcc': 99.95, 'all_DTW': 0.0065, 'all_N': 7680, 'all_CRPS': 0.011, 'all_NLL': -2.8637, 'all_KL_Div': 109.6294, 'spatial_gap': -154298816.5796, 'inference_s': 0.1}",True
STGCN,smap,GRAPH,0.9744059460292788,"{'seen_R2': 0.9677, 'seen_KGE': 0.891, 'seen_ubRMSE': 0.2377, 'seen_FreezeAcc': 97.73, 'seen_DTW': 0.0001, 'seen_N': 17280, 'seen_CRPS': 0.079, 'seen_NLL': -1.4985, 'seen_KL_Div': 77.1646, 'unseen_R2': -280740017.8705, 'unseen_KGE': nan, 'unseen_ubRMSE': 0.0, 'unseen_FreezeAcc': 100.0, 'unseen_DTW': 0.0, 'unseen_N': 5760, 'unseen_CRPS': 0.0028, 'unseen_NLL': -3.5511, 'unseen_KL_Div': 13.3616, 'all_R2': 0.9679, 'all_KGE': 0.8933, 'all_ubRMSE': 0.2061, 'all_FreezeAcc': 98.29, 'all_DTW': 0.0001, 'all_N': 23040, 'all_CRPS': 0.06, 'all_NLL': -2.0116, 'all_KL_Div': 97.1402, 'spatial_gap': 280740018.8382, 'inference_s': 0.2}","{'seen_R2': -842262281.9676, 'seen_KGE': nan, 'seen_ubRMSE': 0.0, 'seen_FreezeAcc': 100.0, 'seen_DTW': 0.0, 'seen_N': 17280, 'seen_CRPS': 0.0028, 'seen_NLL': -3.5511, 'seen_KL_Div': 13.4506, 'unseen_R2': 0.9524, 'unseen_KGE': 0.8151, 'unseen_ubRMSE': 0.3171, 'unseen_FreezeAcc': 96.34, 'unseen_DTW': 0.0001, 'unseen_N': 5760, 'unseen_CRPS': 0.1174, 'unseen_NLL': -1.1084, 'unseen_KL_Div': 86.2987, 'all_R2': 0.954, 'all_KGE': 0.7797, 'all_ubRMSE': 0.1599, 'all_FreezeAcc': 99.08, 'all_DTW': 0.0, 'all_N': 23040, 'all_CRPS': 0.0315, 'all_NLL': -2.9404, 'all_KL_Div': 213.5151, 'spatial_gap': -842262282.92, 'inference_s': 0.2}","{'seen_R2': 0.9866, 'seen_KGE': 0.7618, 'seen_ubRMSE': 0.097, 'seen_FreezeAcc': 98.66, 'seen_DTW': 0.0027, 'seen_N': 5760, 'seen_CRPS': 0.03, 'seen_NLL': -2.0213, 'seen_KL_Div': 115.1133, 'unseen_R2': -93584674.3418, 'unseen_KGE': nan, 'unseen_ubRMSE': 0.0, 'unseen_FreezeAcc': 100.0, 'unseen_DTW': 0.0, 'unseen_N': 1920, 'unseen_CRPS': 0.0028, 'unseen_NLL': -3.5511, 'unseen_KL_Div': 13.4506, 'all_R2': 0.9866, 'all_KGE': 0.7337, 'all_ubRMSE': 0.0841, 'all_FreezeAcc': 99.0, 'all_DTW': 0.0026, 'all_N': 7680, 'all_CRPS': 0.0232, 'all_NLL': -2.4037, 'all_KL_Div': 135.1909, 'spatial_gap': 93584675.3284, 'inference_s': 0.07}","{'seen_R2': -280740055.1215, 'seen_KGE': nan, 'seen_ubRMSE': 0.0, 'seen_FreezeAcc': 100.0, 'seen_DTW': 0.0, 'seen_N': 5760, 'seen_CRPS': 0.0028, 'seen_NLL': -3.5511, 'seen_KL_Div': 13.3616, 'unseen_R2': 0.9984, 'unseen_KGE': 0.7456, 'unseen_ubRMSE': 0.0306, 'unseen_FreezeAcc': 99.79, 'unseen_DTW': 0.0026, 'unseen_N': 1920, 'unseen_CRPS': 0.0132, 'unseen_NLL': -2.5027, 'unseen_KL_Div': 224.1005, 'all_R2': 0.9984, 'all_KGE': 0.5758, 'all_ubRMSE': 0.0153, 'all_FreezeAcc': 99.95, 'all_DTW': 0.0024, 'all_N': 7680, 'all_CRPS': 0.0054, 'all_NLL': -3.289, 'all_KL_Div': 240.6961, 'spatial_gap': -280740056.1199, 'inference_s': 0.07}",True
SpatialTransformer,smap,ATTENTION,0.9618654279438114,"{'seen_R2': 0.9511, 'seen_KGE': 0.9445, 'seen_ubRMSE': 0.2936, 'seen_FreezeAcc': 96.67, 'seen_DTW': 0.0001, 'seen_N': 17280, 'seen_CRPS': 0.1042, 'seen_NLL': -1.0998, 'seen_KL_Div': 29.0193, 'unseen_R2': -4633675580.0973, 'unseen_KGE': nan, 'unseen_ubRMSE': 0.0, 'unseen_FreezeAcc': 100.0, 'unseen_DTW': 0.0001, 'unseen_N': 5760, 'unseen_CRPS': 0.0078, 'unseen_NLL': -2.5839, 'unseen_KL_Div': 14.3288, 'all_R2': 0.9514, 'all_KGE': 0.9486, 'all_ubRMSE': 0.2543, 'all_FreezeAcc': 97.5, 'all_DTW': 0.0001, 'all_N': 23040, 'all_CRPS': 0.0801, 'all_NLL': -1.4708, 'all_KL_Div': 35.2511, 'spatial_gap': 4633675581.0484, 'inference_s': 0.09}","{'seen_R2': -13901720045.9971, 'seen_KGE': nan, 'seen_ubRMSE': 0.0, 'seen_FreezeAcc': 100.0, 'seen_DTW': 0.0001, 'seen_N': 17280, 'seen_CRPS': 0.0078, 'seen_NLL': -2.5839, 'seen_KL_Div': 14.4178, 'unseen_R2': 0.9178, 'unseen_KGE': 0.5852, 'unseen_ubRMSE': 0.4041, 'unseen_FreezeAcc': 94.67, 'unseen_DTW': 0.0003, 'unseen_N': 5760, 'unseen_CRPS': 0.1601, 'unseen_NLL': -0.7288, 'unseen_KL_Div': 37.1015, 'all_R2': 0.9205, 'all_KGE': 0.4588, 'all_ubRMSE': 0.2079, 'all_FreezeAcc': 98.67, 'all_DTW': 0.0001, 'all_N': 23040, 'all_CRPS': 0.0459, 'all_NLL': -2.1201, 'all_KL_Div': 68.1086, 'spatial_gap': -13901720046.9149, 'inference_s': 0.09}","{'seen_R2': 0.9848, 'seen_KGE': 0.6522, 'seen_ubRMSE': 0.1024, 'seen_FreezeAcc': 99.01, 'seen_DTW': 0.0046, 'seen_N': 5760, 'seen_CRPS': 0.0387, 'seen_NLL': -1.5668, 'seen_KL_Div': 36.9543, 'unseen_R2': -1544635592.8911, 'unseen_KGE': nan, 'unseen_ubRMSE': 0.0, 'unseen_FreezeAcc': 100.0, 'unseen_DTW': 0.0001, 'unseen_N': 1920, 'unseen_CRPS': 0.0078, 'unseen_NLL': -2.5839, 'unseen_KL_Div': 14.4178, 'all_R2': 0.9848, 'all_KGE': 0.5741, 'all_ubRMSE': 0.0888, 'all_FreezeAcc': 99.26, 'all_DTW': 0.0045, 'all_N': 7680, 'all_CRPS': 0.031, 'all_NLL': -1.821, 'all_KL_Div': 40.9558, 'spatial_gap': 1544635593.8759, 'inference_s': 0.03}","{'seen_R2': -4633675878.1056, 'seen_KGE': nan, 'seen_ubRMSE': 0.0, 'seen_FreezeAcc': 100.0, 'seen_DTW': 0.0001, 'seen_N': 5760, 'seen_CRPS': 0.0078, 'seen_NLL': -2.5839, 'seen_KL_Div': 14.3288, 'unseen_R2': 0.9895, 'unseen_KGE': -1.8128, 'unseen_ubRMSE': 0.0765, 'unseen_FreezeAcc': 99.58, 'unseen_DTW': 0.0104, 'unseen_N': 1920, 'unseen_CRPS': 0.0295, 'unseen_NLL': -1.7599, 'unseen_KL_Div': 64.0994, 'all_R2': 0.9891, 'all_KGE': -1.3606, 'all_ubRMSE': 0.0385, 'all_FreezeAcc': 99.9, 'all_DTW': 0.0097, 'all_N': 7680, 'all_CRPS': 0.0132, 'all_NLL': -2.3779, 'all_KL_Div': 48.3584, 'spatial_gap': -4633675879.0951, 'inference_s': 0.03}",True
SpatialInformer,smap,ATTENTION,0.9195993412589878,"{'seen_R2': 0.9137, 'seen_KGE': 0.8715, 'seen_ubRMSE': 0.3897, 'seen_FreezeAcc': 95.36, 'seen_DTW': 0.0003, 'seen_N': 17280, 'seen_CRPS': 0.1507, 'seen_NLL': -0.5842, 'seen_KL_Div': 9.8756, 'unseen_R2': -2031091901.1627, 'unseen_KGE': nan, 'unseen_ubRMSE': 0.0005, 'unseen_FreezeAcc': 100.0, 'unseen_DTW': 0.0, 'unseen_N': 5760, 'unseen_CRPS': 0.0099, 'unseen_NLL': -2.2625, 'unseen_KL_Div': 14.6503, 'all_R2': 0.9142, 'all_KGE': 0.8627, 'all_ubRMSE': 0.3375, 'all_FreezeAcc': 96.52, 'all_DTW': 0.0003, 'all_N': 23040, 'all_CRPS': 0.1155, 'all_NLL': -1.0038, 'all_KL_Div': 12.3572, 'spatial_gap': 2031091902.0764, 'inference_s': 0.08}","{'seen_R2': -5874071120.2158, 'seen_KGE': nan, 'seen_ubRMSE': 0.0005, 'seen_FreezeAcc': 100.0, 'seen_DTW': 0.0, 'seen_N': 17280, 'seen_CRPS': 0.0099, 'seen_NLL': -2.2662, 'seen_KL_Div': 14.7356, 'unseen_R2': 0.8164, 'unseen_KGE': 0.2111, 'unseen_ubRMSE': 0.5842, 'unseen_FreezeAcc': 92.45, 'unseen_DTW': 0.0007, 'unseen_N': 5760, 'unseen_CRPS': 0.2614, 'unseen_NLL': 0.0413, 'unseen_KL_Div': 17.6641, 'all_R2': 0.8227, 'all_KGE': 0.0794, 'all_ubRMSE': 0.3089, 'all_FreezeAcc': 98.11, 'all_DTW': 0.0001, 'all_N': 23040, 'all_CRPS': 0.0728, 'all_NLL': -1.6893, 'all_KL_Div': 32.524, 'spatial_gap': -5874071121.0322, 'inference_s': 0.09}","{'seen_R2': 0.9261, 'seen_KGE': -0.1316, 'seen_ubRMSE': 0.2214, 'seen_FreezeAcc': 96.49, 'seen_DTW': 0.0312, 'seen_N': 5760, 'seen_CRPS': 0.0748, 'seen_NLL': -1.0684, 'seen_KL_Div': 19.8105, 'unseen_R2': -738037972.6423, 'unseen_KGE': nan, 'unseen_ubRMSE': 0.0006, 'unseen_FreezeAcc': 100.0, 'unseen_DTW': 0.0, 'unseen_N': 1920, 'unseen_CRPS': 0.0101, 'unseen_NLL': -2.2532, 'unseen_KL_Div': 14.7487, 'all_R2': 0.9262, 'all_KGE': -0.237, 'all_ubRMSE': 0.1932, 'all_FreezeAcc': 97.37, 'all_DTW': 0.0303, 'all_N': 7680, 'all_CRPS': 0.0586, 'all_NLL': -1.3646, 'all_KL_Div': 21.6601, 'spatial_gap': 738037973.5684, 'inference_s': 0.03}","{'seen_R2': -2049381864.7377, 'seen_KGE': nan, 'seen_ubRMSE': 0.0005, 'seen_FreezeAcc': 100.0, 'seen_DTW': 0.0, 'seen_N': 5760, 'seen_CRPS': 0.01, 'seen_NLL': -2.2616, 'seen_KL_Div': 14.6513, 'unseen_R2': 0.9604, 'unseen_KGE': -6.6579, 'unseen_ubRMSE': 0.1437, 'unseen_FreezeAcc': 99.38, 'unseen_DTW': 0.0583, 'unseen_N': 1920, 'unseen_CRPS': 0.054, 'unseen_NLL': -1.2899, 'unseen_KL_Div': 40.9755, 'all_R2': 0.9602, 'all_KGE': -2.6388, 'all_ubRMSE': 0.0748, 'all_FreezeAcc': 99.84, 'all_DTW': 0.0563, 'all_N': 7680, 'all_CRPS': 0.021, 'all_NLL': -2.0187, 'all_KL_Div': 25.5912, 'spatial_gap': -2049381865.6981, 'inference_s': 0.03}",True
SpatialBiGRU,smap,SSM,0.9723026328427136,"{'seen_R2': 0.965, 'seen_KGE': 0.8676, 'seen_ubRMSE': 0.2474, 'seen_FreezeAcc': 97.67, 'seen_DTW': 0.0, 'seen_N': 17280, 'seen_CRPS': 0.0845, 'seen_NLL': -1.4179, 'seen_KL_Div': 76.058, 'unseen_R2': -12046226.9673, 'unseen_KGE': nan, 'unseen_ubRMSE': 0.0, 'unseen_FreezeAcc': 100.0, 'unseen_DTW': 0.0, 'unseen_N': 5760, 'unseen_CRPS': 0.003, 'unseen_NLL': -3.4394, 'unseen_KL_Div': 13.4733, 'all_R2': 0.9652, 'all_KGE': 0.8653, 'all_ubRMSE': 0.2145, 'all_FreezeAcc': 98.26, 'all_DTW': 0.0, 'all_N': 23040, 'all_CRPS': 0.0641, 'all_NLL': -1.9233, 'all_KL_Div': 94.8692, 'spatial_gap': 12046227.9323, 'inference_s': 0.17}","{'seen_R2': -36140358.0068, 'seen_KGE': nan, 'seen_ubRMSE': 0.0, 'seen_FreezeAcc': 100.0, 'seen_DTW': 0.0, 'seen_N': 17280, 'seen_CRPS': 0.003, 'seen_NLL': -3.4394, 'seen_KL_Div': 13.5624, 'unseen_R2': 0.9489, 'unseen_KGE': 0.7893, 'unseen_ubRMSE': 0.3281, 'unseen_FreezeAcc': 96.89, 'unseen_DTW': 0.0002, 'unseen_N': 5760, 'unseen_CRPS': 0.1189, 'unseen_NLL': -0.9517, 'unseen_KL_Div': 83.0281, 'all_R2': 0.9506, 'all_KGE': 0.7777, 'all_ubRMSE': 0.1659, 'all_FreezeAcc': 99.22, 'all_DTW': 0.0, 'all_N': 23040, 'all_CRPS': 0.032, 'all_NLL': -2.8175, 'all_KL_Div': 194.422, 'spatial_gap': -36140358.9557, 'inference_s': 0.18}","{'seen_R2': 0.9853, 'seen_KGE': 0.7246, 'seen_ubRMSE': 0.1014, 'seen_FreezeAcc': 98.45, 'seen_DTW': 0.0024, 'seen_N': 5760, 'seen_CRPS': 0.0337, 'seen_NLL': -1.8582, 'seen_KL_Div': 88.7969, 'unseen_R2': -4015608.7384, 'unseen_KGE': nan, 'unseen_ubRMSE': 0.0, 'unseen_FreezeAcc': 100.0, 'unseen_DTW': 0.0, 'unseen_N': 1920, 'unseen_CRPS': 0.003, 'unseen_NLL': -3.4394, 'unseen_KL_Div': 13.5624, 'all_R2': 0.9853, 'all_KGE': 0.7115, 'all_ubRMSE': 0.0881, 'all_FreezeAcc': 98.84, 'all_DTW': 0.0023, 'all_N': 7680, 'all_CRPS': 0.026, 'all_NLL': -2.2535, 'all_KL_Div': 104.312, 'spatial_gap': 4015609.7237, 'inference_s': 0.06}","{'seen_R2': -12046185.0599, 'seen_KGE': nan, 'seen_ubRMSE': 0.0, 'seen_FreezeAcc': 100.0, 'seen_DTW': 0.0, 'seen_N': 5760, 'seen_CRPS': 0.003, 'seen_NLL': -3.4394, 'seen_KL_Div': 13.4733, 'unseen_R2': 0.9965, 'unseen_KGE': -1.3193, 'unseen_ubRMSE': 0.0428, 'unseen_FreezeAcc': 99.79, 'unseen_DTW': 0.0036, 'unseen_N': 1920, 'unseen_CRPS': 0.0183, 'unseen_NLL': -2.215, 'unseen_KL_Div': 119.5698, 'all_R2': 0.9965, 'all_KGE': 0.2382, 'all_ubRMSE': 0.0226, 'all_FreezeAcc': 99.95, 'all_DTW': 0.0033, 'all_N': 7680, 'all_CRPS': 0.0068, 'all_NLL': -3.1333, 'all_KL_Div': 151.8649, 'spatial_gap': -12046186.0564, 'inference_s': 0.06}",True
SpatialMamba,smap,SSM,0.9632035712521987,"{'seen_R2': 0.958, 'seen_KGE': 0.837, 'seen_ubRMSE': 0.2704, 'seen_FreezeAcc': 97.92, 'seen_DTW': 0.0001, 'seen_N': 17280, 'seen_CRPS': 0.085, 'seen_NLL': -1.4116, 'seen_KL_Div': 51.1501, 'unseen_R2': -5702954520.1042, 'unseen_KGE': nan, 'unseen_ubRMSE': 0.0, 'unseen_FreezeAcc': 100.0, 'unseen_DTW': 0.0001, 'unseen_N': 5760, 'unseen_CRPS': 0.006, 'unseen_NLL': -3.188, 'unseen_KL_Div': 13.7247, 'all_R2': 0.9582, 'all_KGE': 0.8515, 'all_ubRMSE': 0.2349, 'all_FreezeAcc': 98.44, 'all_DTW': 0.0001, 'all_N': 23040, 'all_CRPS': 0.0652, 'all_NLL': -1.8557, 'all_KL_Div': 65.6233, 'spatial_gap': 5702954521.0622, 'inference_s': 0.71}","{'seen_R2': -17109719513.8468, 'seen_KGE': nan, 'seen_ubRMSE': 0.0, 'seen_FreezeAcc': 100.0, 'seen_DTW': 0.0001, 'seen_N': 17280, 'seen_CRPS': 0.006, 'seen_NLL': -3.188, 'seen_KL_Div': 13.8138, 'unseen_R2': 0.9484, 'unseen_KGE': 0.8461, 'unseen_ubRMSE': 0.3315, 'unseen_FreezeAcc': 95.8, 'unseen_DTW': 0.0005, 'unseen_N': 5760, 'unseen_CRPS': 0.1247, 'unseen_NLL': -0.7278, 'unseen_KL_Div': 43.6513, 'all_R2': 0.9501, 'all_KGE': 0.7366, 'all_ubRMSE': 0.1664, 'all_FreezeAcc': 98.95, 'all_DTW': 0.0001, 'all_N': 23040, 'all_CRPS': 0.0356, 'all_NLL': -2.5729, 'all_KL_Div': 128.7031, 'spatial_gap': -17109719514.7952, 'inference_s': 0.71}","{'seen_R2': 0.9843, 'seen_KGE': 0.7576, 'seen_ubRMSE': 0.1049, 'seen_FreezeAcc': 98.51, 'seen_DTW': 0.0019, 'seen_N': 5760, 'seen_CRPS': 0.0345, 'seen_NLL': -1.7784, 'seen_KL_Div': 64.8226, 'unseen_R2': -1901079713.2982, 'unseen_KGE': nan, 'unseen_ubRMSE': 0.0, 'unseen_FreezeAcc': 100.0, 'unseen_DTW': 0.0001, 'unseen_N': 1920, 'unseen_CRPS': 0.006, 'unseen_NLL': -3.188, 'unseen_KL_Div': 13.8138, 'all_R2': 0.9843, 'all_KGE': 0.6793, 'all_ubRMSE': 0.0909, 'all_FreezeAcc': 98.88, 'all_DTW': 0.0018, 'all_N': 7680, 'all_CRPS': 0.0274, 'all_NLL': -2.1308, 'all_KL_Div': 79.2852, 'spatial_gap': 1901079714.2825, 'inference_s': 0.24}","{'seen_R2': -5702954520.1042, 'seen_KGE': nan, 'seen_ubRMSE': 0.0, 'seen_FreezeAcc': 100.0, 'seen_DTW': 0.0001, 'seen_N': 5760, 'seen_CRPS': 0.006, 'seen_NLL': -3.188, 'seen_KL_Div': 13.7247, 'unseen_R2': 0.9905, 'unseen_KGE': -1.6589, 'unseen_ubRMSE': 0.0728, 'unseen_FreezeAcc': 99.84, 'unseen_DTW': 0.0061, 'unseen_N': 1920, 'unseen_CRPS': 0.0315, 'unseen_NLL': -1.7283, 'unseen_KL_Div': 54.8228, 'all_R2': 0.99, 'all_KGE': -1.4539, 'all_ubRMSE': 0.0366, 'all_FreezeAcc': 99.96, 'all_DTW': 0.0055, 'all_N': 7680, 'all_CRPS': 0.0124, 'all_NLL': -2.8231, 'all_KL_Div': 108.1687, 'spatial_gap': -5702954521.0947, 'inference_s': 0.24}",True
SpatialS4,smap,SSM,0.9265387192227608,"{'seen_R2': 0.9323, 'seen_KGE': 0.7778, 'seen_ubRMSE': 0.3429, 'seen_FreezeAcc': 96.88, 'seen_DTW': 0.0009, 'seen_N': 17280, 'seen_CRPS': 0.1288, 'seen_NLL': -0.7151, 'seen_KL_Div': 13.4776, 'unseen_R2': -5346411387.5011, 'unseen_KGE': nan, 'unseen_ubRMSE': 0.0, 'unseen_FreezeAcc': 100.0, 'unseen_DTW': 0.0001, 'unseen_N': 5760, 'unseen_CRPS': 0.0074, 'unseen_NLL': -2.6786, 'unseen_KL_Div': 14.2341, 'all_R2': 0.9327, 'all_KGE': 0.791, 'all_ubRMSE': 0.2978, 'all_FreezeAcc': 97.66, 'all_DTW': 0.0007, 'all_N': 23040, 'all_CRPS': 0.0985, 'all_NLL': -1.206, 'all_KL_Div': 17.2862, 'spatial_gap': 5346411388.4334, 'inference_s': 0.86}","{'seen_R2': -16040036677.3142, 'seen_KGE': nan, 'seen_ubRMSE': 0.0, 'seen_FreezeAcc': 100.0, 'seen_DTW': 0.0001, 'seen_N': 17280, 'seen_CRPS': 0.0074, 'seen_NLL': -2.6786, 'seen_KL_Div': 14.3231, 'unseen_R2': 0.9003, 'unseen_KGE': 0.6202, 'unseen_ubRMSE': 0.4513, 'unseen_FreezeAcc': 94.11, 'unseen_DTW': 0.0008, 'unseen_N': 5760, 'unseen_CRPS': 0.1752, 'unseen_NLL': -0.4782, 'unseen_KL_Div': 14.3751, 'all_R2': 0.9036, 'all_KGE': 0.4905, 'all_ubRMSE': 0.2299, 'all_FreezeAcc': 98.53, 'all_DTW': 0.0002, 'all_N': 23040, 'all_CRPS': 0.0493, 'all_NLL': -2.1285, 'all_KL_Div': 37.988, 'spatial_gap': -16040036678.2145, 'inference_s': 0.86}","{'seen_R2': 0.9552, 'seen_KGE': 0.3666, 'seen_ubRMSE': 0.1756, 'seen_FreezeAcc': 97.22, 'seen_DTW': 0.0131, 'seen_N': 5760, 'seen_CRPS': 0.0605, 'seen_NLL': -1.22, 'seen_KL_Div': 18.164, 'unseen_R2': -1782226412.4884, 'unseen_KGE': nan, 'unseen_ubRMSE': 0.0, 'unseen_FreezeAcc': 100.0, 'unseen_DTW': 0.0001, 'unseen_N': 1920, 'unseen_CRPS': 0.0074, 'unseen_NLL': -2.6786, 'unseen_KL_Div': 14.3231, 'all_R2': 0.9552, 'all_KGE': 0.2685, 'all_ubRMSE': 0.1525, 'all_FreezeAcc': 97.92, 'all_DTW': 0.0124, 'all_N': 7680, 'all_CRPS': 0.0472, 'all_NLL': -1.5846, 'all_KL_Div': 21.7422, 'spatial_gap': 1782226413.4436, 'inference_s': 0.29}","{'seen_R2': -5346412579.5344, 'seen_KGE': nan, 'seen_ubRMSE': 0.0, 'seen_FreezeAcc': 100.0, 'seen_DTW': 0.0001, 'seen_N': 5760, 'seen_CRPS': 0.0074, 'seen_NLL': -2.6786, 'seen_KL_Div': 14.2341, 'unseen_R2': 0.9733, 'unseen_KGE': -2.6833, 'unseen_ubRMSE': 0.1234, 'unseen_FreezeAcc': 99.69, 'unseen_DTW': 0.0366, 'unseen_N': 1920, 'unseen_CRPS': 0.0442, 'unseen_NLL': -1.3794, 'unseen_KL_Div': 27.7072, 'all_R2': 0.9729, 'all_KGE': -1.7734, 'all_ubRMSE': 0.0621, 'all_FreezeAcc': 99.92, 'all_DTW': 0.0346, 'all_N': 7680, 'all_CRPS': 0.0166, 'all_NLL': -2.3538, 'all_KL_Div': 35.9504, 'spatial_gap': -5346412580.5077, 'inference_s': 0.29}",True
SpatialFuseMoE,smap,SSM,0.9559336491464479,"{'seen_R2': 0.9537, 'seen_KGE': 0.8336, 'seen_ubRMSE': 0.2841, 'seen_FreezeAcc': 97.56, 'seen_DTW': 0.0001, 'seen_N': 17280, 'seen_CRPS': 0.0943, 'seen_NLL': -1.2927, 'seen_KL_Div': 40.2295, 'unseen_R2': -255738459.5705, 'unseen_KGE': nan, 'unseen_ubRMSE': 0.0, 'unseen_FreezeAcc': 100.0, 'unseen_DTW': 0.0, 'unseen_N': 5760, 'unseen_CRPS': 0.0043, 'unseen_NLL': -3.0898, 'unseen_KL_Div': 13.8229, 'all_R2': 0.9539, 'all_KGE': 0.835, 'all_ubRMSE': 0.2465, 'all_FreezeAcc': 98.17, 'all_DTW': 0.0001, 'all_N': 23040, 'all_CRPS': 0.0718, 'all_NLL': -1.742, 'all_KL_Div': 50.235, 'spatial_gap': 255738460.5242, 'inference_s': 0.79}","{'seen_R2': -767254306.8661, 'seen_KGE': nan, 'seen_ubRMSE': 0.0, 'seen_FreezeAcc': 100.0, 'seen_DTW': 0.0, 'seen_N': 17280, 'seen_CRPS': 0.0043, 'seen_NLL': -3.0898, 'seen_KL_Div': 13.9119, 'unseen_R2': 0.9237, 'unseen_KGE': 0.6824, 'unseen_ubRMSE': 0.3954, 'unseen_FreezeAcc': 93.04, 'unseen_DTW': 0.007, 'unseen_N': 5760, 'unseen_CRPS': 0.1726, 'unseen_NLL': 0.3406, 'unseen_KL_Div': 20.4323, 'all_R2': 0.9263, 'all_KGE': 0.632, 'all_ubRMSE': 0.2017, 'all_FreezeAcc': 98.26, 'all_DTW': 0.0036, 'all_N': 23040, 'all_CRPS': 0.0464, 'all_NLL': -2.2322, 'all_KL_Div': 57.6961, 'spatial_gap': -767254307.7898, 'inference_s': 0.78}","{'seen_R2': 0.9799, 'seen_KGE': 0.618, 'seen_ubRMSE': 0.1181, 'seen_FreezeAcc': 98.06, 'seen_DTW': 0.0021, 'seen_N': 5760, 'seen_CRPS': 0.0362, 'seen_NLL': -1.7594, 'seen_KL_Div': 53.1412, 'unseen_R2': -85250399.0068, 'unseen_KGE': nan, 'unseen_ubRMSE': 0.0, 'unseen_FreezeAcc': 100.0, 'unseen_DTW': 0.0, 'unseen_N': 1920, 'unseen_CRPS': 0.0043, 'unseen_NLL': -3.0898, 'unseen_KL_Div': 13.9119, 'all_R2': 0.9799, 'all_KGE': 0.5821, 'all_ubRMSE': 0.1026, 'all_FreezeAcc': 98.54, 'all_DTW': 0.0018, 'all_N': 7680, 'all_CRPS': 0.0282, 'all_NLL': -2.092, 'all_KL_Div': 61.7362, 'spatial_gap': 85250399.9867, 'inference_s': 0.26}","{'seen_R2': -255738589.9491, 'seen_KGE': nan, 'seen_ubRMSE': 0.0, 'seen_FreezeAcc': 100.0, 'seen_DTW': 0.0, 'seen_N': 5760, 'seen_CRPS': 0.0043, 'seen_NLL': -3.0898, 'seen_KL_Div': 13.8229, 'unseen_R2': 0.9411, 'unseen_KGE': -5.1459, 'unseen_ubRMSE': 0.1822, 'unseen_FreezeAcc': 97.81, 'unseen_DTW': 0.0122, 'unseen_N': 1920, 'unseen_CRPS': 0.0888, 'unseen_NLL': -0.5249, 'unseen_KL_Div': 9.7108, 'all_R2': 0.9411, 'all_KGE': -1.5215, 'all_ubRMSE': 0.0929, 'all_FreezeAcc': 99.45, 'all_DTW': 0.0076, 'all_N': 7680, 'all_CRPS': 0.0254, 'all_NLL': -2.4486, 'all_KL_Div': 23.7456, 'spatial_gap': -255738590.8902, 'inference_s': 0.26}",True
BiGRU_NoGCN,moist,ABLATION,0.5704206079844906,"{'seen_R2': 0.5122, 'seen_KGE': -2.0236, 'seen_ubRMSE': 0.0158, 'seen_FreezeAcc': 82.26, 'seen_DTW': 0.0, 'seen_N': 17280, 'seen_CRPS': 0.9445, 'seen_NLL': 0.6031, 'seen_KL_Div': 4.6706, 'unseen_R2': -87670.5603, 'unseen_KGE': nan, 'unseen_ubRMSE': 0.0, 'unseen_FreezeAcc': 0.0, 'unseen_DTW': 0.0, 'unseen_N': 5760, 'unseen_CRPS': 0.0121, 'unseen_NLL': -2.0437, 'unseen_KL_Div': 14.958, 'all_R2': 0.5124, 'all_KGE': -2.0091, 'all_ubRMSE': 0.0138, 'all_FreezeAcc': 61.69, 'all_DTW': 0.0, 'all_N': 23040, 'all_CRPS': 0.7114, 'all_NLL': -0.0586, 'all_KL_Div': 4.5309, 'spatial_gap': 87671.0725, 'inference_s': 0.25}","{'seen_R2': -263013.6264, 'seen_KGE': nan, 'seen_ubRMSE': 0.0, 'seen_FreezeAcc': 0.0, 'seen_DTW': 0.0, 'seen_N': 17280, 'seen_CRPS': 0.0121, 'seen_NLL': -2.0437, 'seen_KL_Div': 14.958, 'unseen_R2': 0.5036, 'unseen_KGE': -1.6196, 'unseen_ubRMSE': 0.0121, 'unseen_FreezeAcc': 71.93, 'unseen_DTW': 0.0, 'unseen_N': 5760, 'unseen_CRPS': 0.6914, 'unseen_NLL': -0.186, 'unseen_KL_Div': 4.6353, 'all_R2': 0.5044, 'all_KGE': -1.4762, 'all_ubRMSE': 0.0061, 'all_FreezeAcc': 17.98, 'all_DTW': 0.0, 'all_N': 23040, 'all_CRPS': 0.1819, 'all_NLL': -1.5793, 'all_KL_Div': 3.9925, 'spatial_gap': -263014.13, 'inference_s': 0.24}","{'seen_R2': 0.6816, 'seen_KGE': 0.6877, 'seen_ubRMSE': 0.0017, 'seen_FreezeAcc': 75.52, 'seen_DTW': 0.0, 'seen_N': 5760, 'seen_CRPS': 0.1284, 'seen_NLL': -1.0406, 'seen_KL_Div': 4.7, 'unseen_R2': -29222.8497, 'unseen_KGE': nan, 'unseen_ubRMSE': 0.0, 'unseen_FreezeAcc': 0.0, 'unseen_DTW': 0.0, 'unseen_N': 1920, 'unseen_CRPS': 0.0121, 'unseen_NLL': -2.0437, 'unseen_KL_Div': 14.958, 'all_R2': 0.6829, 'all_KGE': 0.7152, 'all_ubRMSE': 0.0015, 'all_FreezeAcc': 56.64, 'all_DTW': 0.0, 'all_N': 7680, 'all_CRPS': 0.0994, 'all_NLL': -1.2914, 'all_KL_Div': 4.5849, 'spatial_gap': 29223.5313, 'inference_s': 0.08}","{'seen_R2': -87670.5603, 'seen_KGE': nan, 'seen_ubRMSE': 0.0, 'seen_FreezeAcc': 0.0, 'seen_DTW': 0.0, 'seen_N': 5760, 'seen_CRPS': 0.0121, 'seen_NLL': -2.0437, 'seen_KL_Div': 14.958, 'unseen_R2': 0.6806, 'unseen_KGE': -524.6333, 'unseen_ubRMSE': 0.0011, 'unseen_FreezeAcc': 70.89, 'unseen_DTW': 0.0, 'unseen_N': 1920, 'unseen_CRPS': 0.0469, 'unseen_NLL': -1.9159, 'unseen_KL_Div': 4.0986, 'all_R2': 0.6795, 'all_KGE': -364.7725, 'all_ubRMSE': 0.0006, 'all_FreezeAcc': 17.72, 'all_DTW': 0.0, 'all_N': 7680, 'all_CRPS': 0.0208, 'all_NLL': -2.0118, 'all_KL_Div': 3.9779, 'spatial_gap': -87671.2409, 'inference_s': 0.08}",True
GCN_NoTemporal,moist,ABLATION,0.7619591223008756,"{'seen_R2': 0.6845, 'seen_KGE': -0.4074, 'seen_ubRMSE': 0.0128, 'seen_FreezeAcc': 78.28, 'seen_DTW': 0.0, 'seen_N': 17280, 'seen_CRPS': 3.8604, 'seen_NLL': 1.4977, 'seen_KL_Div': 6.0785, 'unseen_R2': -199.2203, 'unseen_KGE': nan, 'unseen_ubRMSE': 0.0, 'unseen_FreezeAcc': 0.0, 'unseen_DTW': 0.0, 'unseen_N': 5760, 'unseen_CRPS': 0.0443, 'unseen_NLL': -0.7441, 'unseen_KL_Div': 16.2576, 'all_R2': 0.6846, 'all_KGE': -0.4068, 'all_ubRMSE': 0.0111, 'all_FreezeAcc': 58.71, 'all_DTW': 0.0, 'all_N': 23040, 'all_CRPS': 2.9064, 'all_NLL': 0.9372, 'all_KL_Div': 5.9383, 'spatial_gap': 199.9048, 'inference_s': 0.05}","{'seen_R2': -599.6577, 'seen_KGE': nan, 'seen_ubRMSE': 0.0, 'seen_FreezeAcc': 0.0, 'seen_DTW': 0.0, 'seen_N': 17280, 'seen_CRPS': 0.0443, 'seen_NLL': -0.7441, 'seen_KL_Div': 16.2576, 'unseen_R2': 0.6655, 'unseen_KGE': -0.0062, 'unseen_ubRMSE': 0.01, 'unseen_FreezeAcc': 65.05, 'unseen_DTW': 0.0, 'unseen_N': 5760, 'unseen_CRPS': 2.0511, 'unseen_NLL': 1.0912, 'unseen_KL_Div': 5.7227, 'all_R2': 0.666, 'all_KGE': -0.0002, 'all_ubRMSE': 0.005, 'all_FreezeAcc': 16.26, 'all_DTW': 0.0, 'all_N': 23040, 'all_CRPS': 0.546, 'all_NLL': -0.2853, 'all_KL_Div': 5.0915, 'spatial_gap': -600.3232, 'inference_s': 0.06}","{'seen_R2': 0.6379, 'seen_KGE': 0.7493, 'seen_ubRMSE': 0.0018, 'seen_FreezeAcc': 75.28, 'seen_DTW': 0.0, 'seen_N': 5760, 'seen_CRPS': 0.1924, 'seen_NLL': -0.2879, 'seen_KL_Div': 5.1039, 'unseen_R2': -65.74, 'unseen_KGE': nan, 'unseen_ubRMSE': 0.0, 'unseen_FreezeAcc': 0.0, 'unseen_DTW': 0.0, 'unseen_N': 1920, 'unseen_CRPS': 0.0443, 'unseen_NLL': -0.7441, 'unseen_KL_Div': 16.2576, 'all_R2': 0.6395, 'all_KGE': 0.7509, 'all_ubRMSE': 0.0016, 'all_FreezeAcc': 56.46, 'all_DTW': 0.0, 'all_N': 7680, 'all_CRPS': 0.1553, 'all_NLL': -0.402, 'all_KL_Div': 5.0319, 'spatial_gap': 66.3779, 'inference_s': 0.02}","{'seen_R2': -199.2192, 'seen_KGE': nan, 'seen_ubRMSE': 0.0, 'seen_FreezeAcc': 0.0, 'seen_DTW': 0.0, 'seen_N': 5760, 'seen_CRPS': 0.0443, 'seen_NLL': -0.7441, 'seen_KL_Div': 16.2576, 'unseen_R2': 0.8126, 'unseen_KGE': -1214.234, 'unseen_ubRMSE': 0.0009, 'unseen_FreezeAcc': 62.71, 'unseen_DTW': 0.0, 'unseen_N': 1920, 'unseen_CRPS': 0.1112, 'unseen_NLL': -0.8212, 'unseen_KL_Div': 4.9616, 'all_R2': 0.8126, 'all_KGE': -1259.8063, 'all_ubRMSE': 0.0004, 'all_FreezeAcc': 15.68, 'all_DTW': 0.0, 'all_N': 7680, 'all_CRPS': 0.061, 'all_NLL': -0.7634, 'all_KL_Div': 5.0548, 'spatial_gap': -200.0318, 'inference_s': 0.02}",True
DeepESN,moist,RESERVOIR,0.6588025981822427,"{'seen_R2': 0.5863, 'seen_KGE': -1.9436, 'seen_ubRMSE': 0.0145, 'seen_FreezeAcc': 80.45, 'seen_DTW': 0.0, 'seen_N': 17280, 'seen_CRPS': 0.9171, 'seen_NLL': 0.7451, 'seen_KL_Div': 4.6411, 'unseen_R2': -71950.4992, 'unseen_KGE': nan, 'unseen_ubRMSE': 0.0, 'unseen_FreezeAcc': 100.0, 'unseen_DTW': 0.0, 'unseen_N': 5760, 'unseen_CRPS': 0.0182, 'unseen_NLL': -1.6341, 'unseen_KL_Div': 15.3677, 'all_R2': 0.5865, 'all_KGE': -1.9569, 'all_ubRMSE': 0.0126, 'all_FreezeAcc': 85.34, 'all_DTW': 0.0, 'all_N': 23040, 'all_CRPS': 0.6923, 'all_NLL': 0.1503, 'all_KL_Div': 4.5037, 'spatial_gap': 71951.0855, 'inference_s': 0.14}","{'seen_R2': -215853.4521, 'seen_KGE': nan, 'seen_ubRMSE': 0.0, 'seen_FreezeAcc': 100.0, 'seen_DTW': 0.0, 'seen_N': 17280, 'seen_CRPS': 0.0182, 'seen_NLL': -1.6341, 'seen_KL_Div': 15.3677, 'unseen_R2': 0.5431, 'unseen_KGE': -2.1894, 'unseen_ubRMSE': 0.0115, 'unseen_FreezeAcc': 73.12, 'unseen_DTW': 0.0, 'unseen_N': 5760, 'unseen_CRPS': 0.737, 'unseen_NLL': 0.4114, 'unseen_KL_Div': 4.6991, 'all_R2': 0.5438, 'all_KGE': -2.3222, 'all_ubRMSE': 0.0058, 'all_FreezeAcc': 93.28, 'all_DTW': 0.0, 'all_N': 23040, 'all_CRPS': 0.1979, 'all_NLL': -1.1227, 'all_KL_Div': 4.0767, 'spatial_gap': -215853.9952, 'inference_s': 0.15}","{'seen_R2': 0.6233, 'seen_KGE': 0.5511, 'seen_ubRMSE': 0.0019, 'seen_FreezeAcc': 75.92, 'seen_DTW': 0.0, 'seen_N': 5760, 'seen_CRPS': 0.0917, 'seen_NLL': -0.8916, 'seen_KL_Div': 4.363, 'unseen_R2': -23982.83, 'unseen_KGE': nan, 'unseen_ubRMSE': 0.0, 'unseen_FreezeAcc': 100.0, 'unseen_DTW': 0.0, 'unseen_N': 1920, 'unseen_CRPS': 0.0182, 'unseen_NLL': -1.6341, 'unseen_KL_Div': 15.3677, 'all_R2': 0.6249, 'all_KGE': 0.5243, 'all_ubRMSE': 0.0016, 'all_FreezeAcc': 81.94, 'all_DTW': 0.0, 'all_N': 7680, 'all_CRPS': 0.0733, 'all_NLL': -1.0772, 'all_KL_Div': 4.2811, 'spatial_gap': 23983.4533, 'inference_s': 0.05}","{'seen_R2': -71950.4901, 'seen_KGE': nan, 'seen_ubRMSE': 0.0, 'seen_FreezeAcc': 100.0, 'seen_DTW': 0.0, 'seen_N': 5760, 'seen_CRPS': 0.0182, 'seen_NLL': -1.6341, 'seen_KL_Div': 15.3677, 'unseen_R2': 0.9501, 'unseen_KGE': -198.5372, 'unseen_ubRMSE': 0.0005, 'unseen_FreezeAcc': 66.98, 'unseen_DTW': 0.0, 'unseen_N': 1920, 'unseen_CRPS': 0.0553, 'unseen_NLL': -0.9607, 'unseen_KL_Div': 4.2632, 'all_R2': 0.9492, 'all_KGE': -1007.7061, 'all_ubRMSE': 0.0002, 'all_FreezeAcc': 91.74, 'all_DTW': 0.0, 'all_N': 7680, 'all_CRPS': 0.0275, 'all_NLL': -1.4657, 'all_KL_Div': 4.2567, 'spatial_gap': -71951.4402, 'inference_s': 0.05}",True
SpatialESN,moist,RESERVOIR,0.8077525865528201,"{'seen_R2': 0.6854, 'seen_KGE': -1.6253, 'seen_ubRMSE': 0.0127, 'seen_FreezeAcc': 82.85, 'seen_DTW': 0.0, 'seen_N': 17280, 'seen_CRPS': 0.8183, 'seen_NLL': 0.0575, 'seen_KL_Div': 4.5272, 'unseen_R2': -1800.331, 'unseen_KGE': nan, 'unseen_ubRMSE': 0.0, 'unseen_FreezeAcc': 0.0, 'unseen_DTW': 0.0, 'unseen_N': 5760, 'unseen_CRPS': 0.0034, 'unseen_NLL': -3.325, 'unseen_KL_Div': 13.6768, 'all_R2': 0.6855, 'all_KGE': -1.6232, 'all_ubRMSE': 0.011, 'all_FreezeAcc': 62.14, 'all_DTW': 0.0, 'all_N': 23040, 'all_CRPS': 0.6145, 'all_NLL': -0.7881, 'all_KL_Div': 4.3845, 'spatial_gap': 1801.0164, 'inference_s': 0.1}","{'seen_R2': -5402.9941, 'seen_KGE': nan, 'seen_ubRMSE': 0.0, 'seen_FreezeAcc': 0.0, 'seen_DTW': 0.0, 'seen_N': 17280, 'seen_CRPS': 0.0034, 'seen_NLL': -3.325, 'seen_KL_Div': 13.6768, 'unseen_R2': 0.5161, 'unseen_KGE': -1.94, 'unseen_ubRMSE': 0.0119, 'unseen_FreezeAcc': 79.18, 'unseen_DTW': 0.0, 'unseen_N': 5760, 'unseen_CRPS': 0.7549, 'unseen_NLL': -0.5481, 'unseen_KL_Div': 4.7231, 'all_R2': 0.5168, 'all_KGE': -1.9196, 'all_ubRMSE': 0.006, 'all_FreezeAcc': 19.8, 'all_DTW': 0.0, 'all_N': 23040, 'all_CRPS': 0.1912, 'all_NLL': -2.6308, 'all_KL_Div': 4.0424, 'spatial_gap': -5403.5102, 'inference_s': 0.1}","{'seen_R2': 0.7429, 'seen_KGE': 0.8192, 'seen_ubRMSE': 0.0015, 'seen_FreezeAcc': 78.35, 'seen_DTW': 0.0, 'seen_N': 5760, 'seen_CRPS': 0.0986, 'seen_NLL': -1.8339, 'seen_KL_Div': 4.4353, 'unseen_R2': -599.4436, 'unseen_KGE': nan, 'unseen_ubRMSE': 0.0, 'unseen_FreezeAcc': 0.0, 'unseen_DTW': 0.0, 'unseen_N': 1920, 'unseen_CRPS': 0.0034, 'unseen_NLL': -3.325, 'unseen_KL_Div': 13.6768, 'all_R2': 0.744, 'all_KGE': 0.8229, 'all_ubRMSE': 0.0013, 'all_FreezeAcc': 58.76, 'all_DTW': 0.0, 'all_N': 7680, 'all_CRPS': 0.0748, 'all_NLL': -2.2067, 'all_KL_Div': 4.3006, 'spatial_gap': 600.1865, 'inference_s': 0.04}","{'seen_R2': -1800.3314, 'seen_KGE': nan, 'seen_ubRMSE': 0.0, 'seen_FreezeAcc': 0.0, 'seen_DTW': 0.0, 'seen_N': 5760, 'seen_CRPS': 0.0034, 'seen_NLL': -3.325, 'seen_KL_Div': 13.6768, 'unseen_R2': 0.8796, 'unseen_KGE': -146.808, 'unseen_ubRMSE': 0.0007, 'unseen_FreezeAcc': 73.85, 'unseen_DTW': 0.0, 'unseen_N': 1920, 'unseen_CRPS': 0.0349, 'unseen_NLL': -2.5365, 'unseen_KL_Div': 3.8026, 'all_R2': 0.8796, 'all_KGE': -275.1154, 'all_ubRMSE': 0.0004, 'all_FreezeAcc': 18.46, 'all_DTW': 0.0, 'all_N': 7680, 'all_CRPS': 0.0112, 'all_NLL': -3.1279, 'all_KL_Div': 3.363, 'spatial_gap': -1801.211, 'inference_s': 0.04}",True
GraphSAGE,moist,GRAPH,0.8571050381822394,"{'seen_R2': 0.7752, 'seen_KGE': -0.7553, 'seen_ubRMSE': 0.0108, 'seen_FreezeAcc': 85.77, 'seen_DTW': 0.0, 'seen_N': 17280, 'seen_CRPS': 0.7204, 'seen_NLL': -0.2921, 'seen_KL_Div': 4.3998, 'unseen_R2': -586.3169, 'unseen_KGE': nan, 'unseen_ubRMSE': 0.0, 'unseen_FreezeAcc': 0.0, 'unseen_DTW': 0.0, 'unseen_N': 5760, 'unseen_CRPS': 0.0018, 'unseen_NLL': -3.9542, 'unseen_KL_Div': 13.0475, 'all_R2': 0.7753, 'all_KGE': -0.7541, 'all_ubRMSE': 0.0094, 'all_FreezeAcc': 64.33, 'all_DTW': 0.0, 'all_N': 23040, 'all_CRPS': 0.5408, 'all_NLL': -1.2076, 'all_KL_Div': 4.2566, 'spatial_gap': 587.0921, 'inference_s': 0.29}","{'seen_R2': -1761.5717, 'seen_KGE': nan, 'seen_ubRMSE': 0.0, 'seen_FreezeAcc': 0.0, 'seen_DTW': 0.0, 'seen_N': 17280, 'seen_CRPS': 0.0018, 'seen_NLL': -3.9542, 'seen_KL_Div': 13.0476, 'unseen_R2': 0.6478, 'unseen_KGE': -0.0725, 'unseen_ubRMSE': 0.0103, 'unseen_FreezeAcc': 82.67, 'unseen_DTW': 0.0, 'unseen_N': 5760, 'unseen_CRPS': 0.6561, 'unseen_NLL': -1.1802, 'unseen_KL_Div': 4.5829, 'all_R2': 0.6484, 'all_KGE': -0.0614, 'all_ubRMSE': 0.0052, 'all_FreezeAcc': 20.67, 'all_DTW': 0.0, 'all_N': 23040, 'all_CRPS': 0.1654, 'all_NLL': -3.2607, 'all_KL_Div': 3.8972, 'spatial_gap': -1762.2195, 'inference_s': 0.29}","{'seen_R2': 0.7295, 'seen_KGE': 0.3646, 'seen_ubRMSE': 0.0016, 'seen_FreezeAcc': 81.35, 'seen_DTW': 0.0, 'seen_N': 5760, 'seen_CRPS': 0.0795, 'seen_NLL': -2.4245, 'seen_KL_Div': 4.2208, 'unseen_R2': -194.7723, 'unseen_KGE': nan, 'unseen_ubRMSE': 0.0, 'unseen_FreezeAcc': 0.0, 'unseen_DTW': 0.0, 'unseen_N': 1920, 'unseen_CRPS': 0.0018, 'unseen_NLL': -3.9542, 'unseen_KL_Div': 13.0475, 'all_R2': 0.7306, 'all_KGE': 0.3667, 'all_ubRMSE': 0.0014, 'all_FreezeAcc': 61.02, 'all_DTW': 0.0, 'all_N': 7680, 'all_CRPS': 0.0601, 'all_NLL': -2.8069, 'all_KL_Div': 4.0823, 'spatial_gap': 195.5018, 'inference_s': 0.1}","{'seen_R2': -586.5239, 'seen_KGE': nan, 'seen_ubRMSE': 0.0, 'seen_FreezeAcc': 0.0, 'seen_DTW': 0.0, 'seen_N': 5760, 'seen_CRPS': 0.0018, 'seen_NLL': -3.9542, 'seen_KL_Div': 13.0476, 'unseen_R2': 0.9242, 'unseen_KGE': -408.7814, 'unseen_ubRMSE': 0.0006, 'unseen_FreezeAcc': 77.19, 'unseen_DTW': 0.0, 'unseen_N': 1920, 'unseen_CRPS': 0.024, 'unseen_NLL': -3.3846, 'unseen_KL_Div': 3.4274, 'all_R2': 0.9242, 'all_KGE': -336.7091, 'all_ubRMSE': 0.0003, 'all_FreezeAcc': 19.3, 'all_DTW': 0.0, 'all_N': 7680, 'all_CRPS': 0.0073, 'all_NLL': -3.8118, 'all_KL_Div': 2.9365, 'spatial_gap': -587.4481, 'inference_s': 0.1}",True
GAT,moist,GRAPH,0.7352523053451254,"{'seen_R2': 0.6785, 'seen_KGE': -1.0477, 'seen_ubRMSE': 0.0129, 'seen_FreezeAcc': 84.91, 'seen_DTW': 0.0, 'seen_N': 17280, 'seen_CRPS': 0.9737, 'seen_NLL': -0.0877, 'seen_KL_Div': 4.701, 'unseen_R2': -121.0484, 'unseen_KGE': nan, 'unseen_ubRMSE': 0.0, 'unseen_FreezeAcc': 100.0, 'unseen_DTW': 0.0, 'unseen_N': 5760, 'unseen_CRPS': 0.0007, 'unseen_NLL': -4.8539, 'unseen_KL_Div': 12.1477, 'all_R2': 0.6786, 'all_KGE': -1.0482, 'all_ubRMSE': 0.0112, 'all_FreezeAcc': 88.68, 'all_DTW': 0.0, 'all_N': 23040, 'all_CRPS': 0.7304, 'all_NLL': -1.2792, 'all_KL_Div': 4.5573, 'spatial_gap': 121.7269, 'inference_s': 0.31}","{'seen_R2': -365.1453, 'seen_KGE': nan, 'seen_ubRMSE': 0.0, 'seen_FreezeAcc': 100.0, 'seen_DTW': 0.0, 'seen_N': 17280, 'seen_CRPS': 0.0007, 'seen_NLL': -4.8539, 'seen_KL_Div': 12.1477, 'unseen_R2': 0.5027, 'unseen_KGE': -0.8866, 'unseen_ubRMSE': 0.0122, 'unseen_FreezeAcc': 77.64, 'unseen_DTW': 0.0, 'unseen_N': 5760, 'unseen_CRPS': 0.8658, 'unseen_NLL': -1.0051, 'unseen_KL_Div': 4.8602, 'all_R2': 0.5035, 'all_KGE': -0.8924, 'all_ubRMSE': 0.0061, 'all_FreezeAcc': 94.41, 'all_DTW': 0.0, 'all_N': 23040, 'all_CRPS': 0.217, 'all_NLL': -3.8917, 'all_KL_Div': 4.1688, 'spatial_gap': -365.648, 'inference_s': 0.31}","{'seen_R2': 0.6608, 'seen_KGE': 0.4287, 'seen_ubRMSE': 0.0018, 'seen_FreezeAcc': 81.89, 'seen_DTW': 0.0, 'seen_N': 5760, 'seen_CRPS': 0.0974, 'seen_NLL': -2.3328, 'seen_KL_Div': 4.4234, 'unseen_R2': -39.6828, 'unseen_KGE': nan, 'unseen_ubRMSE': 0.0, 'unseen_FreezeAcc': 100.0, 'unseen_DTW': 0.0, 'unseen_N': 1920, 'unseen_CRPS': 0.0007, 'unseen_NLL': -4.8539, 'unseen_KL_Div': 12.1477, 'all_R2': 0.6623, 'all_KGE': 0.4274, 'all_ubRMSE': 0.0015, 'all_FreezeAcc': 86.42, 'all_DTW': 0.0, 'all_N': 7680, 'all_CRPS': 0.0732, 'all_NLL': -2.9631, 'all_KL_Div': 4.2799, 'spatial_gap': 40.3436, 'inference_s': 0.1}","{'seen_R2': -121.0484, 'seen_KGE': nan, 'seen_ubRMSE': 0.0, 'seen_FreezeAcc': 100.0, 'seen_DTW': 0.0, 'seen_N': 5760, 'seen_CRPS': 0.0007, 'seen_NLL': -4.8539, 'seen_KL_Div': 12.1477, 'unseen_R2': 0.4992, 'unseen_KGE': -134.9038, 'unseen_ubRMSE': 0.0014, 'unseen_FreezeAcc': 78.65, 'unseen_DTW': 0.0, 'unseen_N': 1920, 'unseen_CRPS': 0.0373, 'unseen_NLL': -3.2564, 'unseen_KL_Div': 3.8699, 'all_R2': 0.4992, 'all_KGE': -168.5383, 'all_ubRMSE': 0.0007, 'all_FreezeAcc': 94.66, 'all_DTW': 0.0, 'all_N': 7680, 'all_CRPS': 0.0099, 'all_NLL': -4.4546, 'all_KL_Div': 3.2338, 'spatial_gap': -121.5476, 'inference_s': 0.1}",True
STGCN,moist,GRAPH,0.8269130972764481,"{'seen_R2': 0.761, 'seen_KGE': -0.6271, 'seen_ubRMSE': 0.0111, 'seen_FreezeAcc': 85.54, 'seen_DTW': 0.0, 'seen_N': 17280, 'seen_CRPS': 0.8122, 'seen_NLL': -0.0983, 'seen_KL_Div': 4.5197, 'unseen_R2': -202.0159, 'unseen_KGE': nan, 'unseen_ubRMSE': 0.0, 'unseen_FreezeAcc': 100.0, 'unseen_DTW': 0.0, 'unseen_N': 5760, 'unseen_CRPS': 0.0016, 'unseen_NLL': -4.0368, 'unseen_KL_Div': 12.9649, 'all_R2': 0.7611, 'all_KGE': -0.6279, 'all_ubRMSE': 0.0097, 'all_FreezeAcc': 89.15, 'all_DTW': 0.0, 'all_N': 23040, 'all_CRPS': 0.6095, 'all_NLL': -1.0829, 'all_KL_Div': 4.3763, 'spatial_gap': 202.7769, 'inference_s': 0.2}","{'seen_R2': -608.0478, 'seen_KGE': nan, 'seen_ubRMSE': 0.0, 'seen_FreezeAcc': 100.0, 'seen_DTW': 0.0, 'seen_N': 17280, 'seen_CRPS': 0.0016, 'seen_NLL': -4.0368, 'seen_KL_Div': 12.9649, 'unseen_R2': 0.6803, 'unseen_KGE': -0.0557, 'unseen_ubRMSE': 0.0098, 'unseen_FreezeAcc': 81.7, 'unseen_DTW': 0.0, 'unseen_N': 5760, 'unseen_CRPS': 0.7299, 'unseen_NLL': -0.9912, 'unseen_KL_Div': 4.6894, 'all_R2': 0.6808, 'all_KGE': -0.0626, 'all_ubRMSE': 0.0049, 'all_FreezeAcc': 95.43, 'all_DTW': 0.0, 'all_N': 23040, 'all_CRPS': 0.1837, 'all_NLL': -3.2754, 'all_KL_Div': 4.0023, 'spatial_gap': -608.7281, 'inference_s': 0.2}","{'seen_R2': 0.7852, 'seen_KGE': 0.5792, 'seen_ubRMSE': 0.0014, 'seen_FreezeAcc': 83.66, 'seen_DTW': 0.0, 'seen_N': 5760, 'seen_CRPS': 0.0826, 'seen_NLL': -2.2354, 'seen_KL_Div': 4.2586, 'unseen_R2': -66.672, 'unseen_KGE': nan, 'unseen_ubRMSE': 0.0, 'unseen_FreezeAcc': 100.0, 'unseen_DTW': 0.0, 'unseen_N': 1920, 'unseen_CRPS': 0.0016, 'unseen_NLL': -4.0368, 'unseen_KL_Div': 12.9649, 'all_R2': 0.7861, 'all_KGE': 0.5775, 'all_ubRMSE': 0.0012, 'all_FreezeAcc': 87.75, 'all_DTW': 0.0, 'all_N': 7680, 'all_CRPS': 0.0624, 'all_NLL': -2.6858, 'all_KL_Div': 4.1193, 'spatial_gap': 67.4572, 'inference_s': 0.07}","{'seen_R2': -202.0159, 'seen_KGE': nan, 'seen_ubRMSE': 0.0, 'seen_FreezeAcc': 100.0, 'seen_DTW': 0.0, 'seen_N': 5760, 'seen_CRPS': 0.0016, 'seen_NLL': -4.0368, 'seen_KL_Div': 12.9649, 'unseen_R2': 0.9271, 'unseen_KGE': -328.7092, 'unseen_ubRMSE': 0.0005, 'unseen_FreezeAcc': 78.54, 'unseen_DTW': 0.0, 'unseen_N': 1920, 'unseen_CRPS': 0.0321, 'unseen_NLL': -3.0561, 'unseen_KL_Div': 3.7198, 'all_R2': 0.9271, 'all_KGE': -372.4589, 'all_ubRMSE': 0.0003, 'all_FreezeAcc': 94.64, 'all_DTW': 0.0, 'all_N': 7680, 'all_CRPS': 0.0093, 'all_NLL': -3.7916, 'all_KL_Div': 3.1699, 'spatial_gap': -202.943, 'inference_s': 0.07}",True
SpatialTransformer,moist,ATTENTION,0.5556292409902239,"{'seen_R2': 0.5293, 'seen_KGE': -0.5943, 'seen_ubRMSE': 0.0157, 'seen_FreezeAcc': 84.15, 'seen_DTW': 0.0, 'seen_N': 17280, 'seen_CRPS': 1.3591, 'seen_NLL': 0.6319, 'seen_KL_Div': 5.0346, 'unseen_R2': -7175.9716, 'unseen_KGE': nan, 'unseen_ubRMSE': 0.0, 'unseen_FreezeAcc': 0.0, 'unseen_DTW': 0.0, 'unseen_N': 5760, 'unseen_CRPS': 0.013, 'unseen_NLL': -1.9677, 'unseen_KL_Div': 15.034, 'all_R2': 0.5295, 'all_KGE': -0.5905, 'all_ubRMSE': 0.0136, 'all_FreezeAcc': 63.11, 'all_DTW': 0.0, 'all_N': 23040, 'all_CRPS': 1.0226, 'all_NLL': -0.018, 'all_KL_Div': 4.8937, 'spatial_gap': 7176.5009, 'inference_s': 0.09}","{'seen_R2': -21529.9251, 'seen_KGE': nan, 'seen_ubRMSE': 0.0, 'seen_FreezeAcc': 0.0, 'seen_DTW': 0.0, 'seen_N': 17280, 'seen_CRPS': 0.013, 'seen_NLL': -1.9677, 'seen_KL_Div': 15.034, 'unseen_R2': 0.458, 'unseen_KGE': -0.6205, 'unseen_ubRMSE': 0.0128, 'unseen_FreezeAcc': 81.93, 'unseen_DTW': 0.0, 'unseen_N': 5760, 'unseen_CRPS': 1.0538, 'unseen_NLL': -0.4137, 'unseen_KL_Div': 5.0567, 'all_R2': 0.4589, 'all_KGE': -0.5819, 'all_ubRMSE': 0.0064, 'all_FreezeAcc': 20.48, 'all_DTW': 0.0, 'all_N': 23040, 'all_CRPS': 0.2732, 'all_NLL': -1.5792, 'all_KL_Div': 4.3993, 'spatial_gap': -21530.3831, 'inference_s': 0.09}","{'seen_R2': 0.7197, 'seen_KGE': 0.6363, 'seen_ubRMSE': 0.0016, 'seen_FreezeAcc': 82.64, 'seen_DTW': 0.0, 'seen_N': 5760, 'seen_CRPS': 0.1275, 'seen_NLL': -1.2693, 'seen_KL_Div': 4.6925, 'unseen_R2': -2391.3235, 'unseen_KGE': nan, 'unseen_ubRMSE': 0.0, 'unseen_FreezeAcc': 0.0, 'unseen_DTW': 0.0, 'unseen_N': 1920, 'unseen_CRPS': 0.013, 'unseen_NLL': -1.9677, 'unseen_KL_Div': 15.034, 'all_R2': 0.7209, 'all_KGE': 0.6453, 'all_ubRMSE': 0.0014, 'all_FreezeAcc': 61.98, 'all_DTW': 0.0, 'all_N': 7680, 'all_CRPS': 0.0989, 'all_NLL': -1.4439, 'all_KL_Div': 4.58, 'spatial_gap': 2392.0432, 'inference_s': 0.03}","{'seen_R2': -7175.9739, 'seen_KGE': nan, 'seen_ubRMSE': 0.0, 'seen_FreezeAcc': 0.0, 'seen_DTW': 0.0, 'seen_N': 5760, 'seen_CRPS': 0.013, 'seen_NLL': -1.9677, 'seen_KL_Div': 15.034, 'unseen_R2': 0.6942, 'unseen_KGE': -97.7096, 'unseen_ubRMSE': 0.0011, 'unseen_FreezeAcc': 79.58, 'unseen_DTW': 0.0, 'unseen_N': 1920, 'unseen_CRPS': 0.0354, 'unseen_NLL': -2.2179, 'unseen_KL_Div': 3.8172, 'all_R2': 0.6941, 'all_KGE': -155.4595, 'all_ubRMSE': 0.0006, 'all_FreezeAcc': 19.9, 'all_DTW': 0.0, 'all_N': 7680, 'all_CRPS': 0.0186, 'all_NLL': -2.0303, 'all_KL_Div': 3.8681, 'spatial_gap': -7176.6681, 'inference_s': 0.03}",True
SpatialInformer,moist,ATTENTION,0.4845944106757317,"{'seen_R2': 0.4333, 'seen_KGE': -1.6033, 'seen_ubRMSE': 0.0171, 'seen_FreezeAcc': 81.75, 'seen_DTW': 0.0, 'seen_N': 17280, 'seen_CRPS': 1.4654, 'seen_NLL': 0.8678, 'seen_KL_Div': 5.1098, 'unseen_R2': -11352.884, 'unseen_KGE': nan, 'unseen_ubRMSE': 0.0, 'unseen_FreezeAcc': 0.0, 'unseen_DTW': 0.0, 'unseen_N': 5760, 'unseen_CRPS': 0.0151, 'unseen_NLL': -1.8233, 'unseen_KL_Div': 15.1819, 'all_R2': 0.4335, 'all_KGE': -1.5982, 'all_ubRMSE': 0.0149, 'all_FreezeAcc': 61.31, 'all_DTW': 0.0, 'all_N': 23040, 'all_CRPS': 1.1028, 'all_NLL': 0.1951, 'all_KL_Div': 4.9692, 'spatial_gap': 11353.3173, 'inference_s': 0.08}","{'seen_R2': -32519.5747, 'seen_KGE': nan, 'seen_ubRMSE': 0.0, 'seen_FreezeAcc': 0.0, 'seen_DTW': 0.0, 'seen_N': 17280, 'seen_CRPS': 0.0149, 'seen_NLL': -1.8389, 'seen_KL_Div': 15.1656, 'unseen_R2': 0.3638, 'unseen_KGE': -1.1409, 'unseen_ubRMSE': 0.0138, 'unseen_FreezeAcc': 77.6, 'unseen_DTW': 0.0, 'unseen_N': 5760, 'unseen_CRPS': 1.0478, 'unseen_NLL': -0.007, 'unseen_KL_Div': 5.051, 'all_R2': 0.3648, 'all_KGE': -1.0929, 'all_ubRMSE': 0.0069, 'all_FreezeAcc': 19.4, 'all_DTW': 0.0, 'all_N': 23040, 'all_CRPS': 0.2731, 'all_NLL': -1.3809, 'all_KL_Div': 4.3988, 'spatial_gap': -32519.9385, 'inference_s': 0.08}","{'seen_R2': 0.6773, 'seen_KGE': 0.3727, 'seen_ubRMSE': 0.0017, 'seen_FreezeAcc': 80.61, 'seen_DTW': 0.0, 'seen_N': 5760, 'seen_CRPS': 0.1514, 'seen_NLL': -1.0881, 'seen_KL_Div': 4.8644, 'unseen_R2': -4211.6999, 'unseen_KGE': nan, 'unseen_ubRMSE': 0.0, 'unseen_FreezeAcc': 0.0, 'unseen_DTW': 0.0, 'unseen_N': 1920, 'unseen_CRPS': 0.0157, 'unseen_NLL': -1.7842, 'unseen_KL_Div': 15.2214, 'all_R2': 0.6787, 'all_KGE': 0.3847, 'all_ubRMSE': 0.0015, 'all_FreezeAcc': 60.46, 'all_DTW': 0.0, 'all_N': 7680, 'all_CRPS': 0.1175, 'all_NLL': -1.2621, 'all_KL_Div': 4.7525, 'spatial_gap': 4212.3772, 'inference_s': 0.03}","{'seen_R2': -11481.2979, 'seen_KGE': nan, 'seen_ubRMSE': 0.0, 'seen_FreezeAcc': 0.0, 'seen_DTW': 0.0, 'seen_N': 5760, 'seen_CRPS': 0.0152, 'seen_NLL': -1.8193, 'seen_KL_Div': 15.1859, 'unseen_R2': 0.5876, 'unseen_KGE': -106.75, 'unseen_ubRMSE': 0.0013, 'unseen_FreezeAcc': 74.06, 'unseen_DTW': 0.0, 'unseen_N': 1920, 'unseen_CRPS': 0.0427, 'unseen_NLL': -1.8719, 'unseen_KL_Div': 4.0039, 'all_R2': 0.5875, 'all_KGE': -211.9124, 'all_ubRMSE': 0.0006, 'all_FreezeAcc': 18.52, 'all_DTW': 0.0, 'all_N': 7680, 'all_CRPS': 0.022, 'all_NLL': -1.8325, 'all_KL_Div': 4.0367, 'spatial_gap': -11481.8855, 'inference_s': 0.03}",True
SpatialBiGRU,moist,SSM,0.6673127395789853,"{'seen_R2': 0.6173, 'seen_KGE': -0.731, 'seen_ubRMSE': 0.0141, 'seen_FreezeAcc': 84.98, 'seen_DTW': 0.0, 'seen_N': 17280, 'seen_CRPS': 1.0499, 'seen_NLL': -0.0791, 'seen_KL_Div': 4.7765, 'unseen_R2': -297.3852, 'unseen_KGE': nan, 'unseen_ubRMSE': 0.0, 'unseen_FreezeAcc': 100.0, 'unseen_DTW': 0.0, 'unseen_N': 5760, 'unseen_CRPS': 0.0008, 'unseen_NLL': -4.809, 'unseen_KL_Div': 12.1926, 'all_R2': 0.6174, 'all_KGE': -0.7319, 'all_ubRMSE': 0.0123, 'all_FreezeAcc': 88.73, 'all_DTW': 0.0, 'all_N': 23040, 'all_CRPS': 0.7877, 'all_NLL': -1.2616, 'all_KL_Div': 4.6327, 'spatial_gap': 298.0025, 'inference_s': 0.18}","{'seen_R2': -894.1558, 'seen_KGE': nan, 'seen_ubRMSE': 0.0, 'seen_FreezeAcc': 100.0, 'seen_DTW': 0.0, 'seen_N': 17280, 'seen_CRPS': 0.0008, 'seen_NLL': -4.809, 'seen_KL_Div': 12.1926, 'unseen_R2': 0.5172, 'unseen_KGE': -0.8298, 'unseen_ubRMSE': 0.012, 'unseen_FreezeAcc': 83.52, 'unseen_DTW': 0.0, 'unseen_N': 5760, 'unseen_CRPS': 0.8114, 'unseen_NLL': -1.0245, 'unseen_KL_Div': 4.7953, 'all_R2': 0.5179, 'all_KGE': -0.8385, 'all_ubRMSE': 0.006, 'all_FreezeAcc': 95.88, 'all_DTW': 0.0, 'all_N': 23040, 'all_CRPS': 0.2034, 'all_NLL': -3.8629, 'all_KL_Div': 4.1042, 'spatial_gap': -894.673, 'inference_s': 0.18}","{'seen_R2': 0.7424, 'seen_KGE': 0.6255, 'seen_ubRMSE': 0.0015, 'seen_FreezeAcc': 81.72, 'seen_DTW': 0.0, 'seen_N': 5760, 'seen_CRPS': 0.0964, 'seen_NLL': -2.3875, 'seen_KL_Div': 4.4126, 'unseen_R2': -98.4619, 'unseen_KGE': nan, 'unseen_ubRMSE': 0.0, 'unseen_FreezeAcc': 100.0, 'unseen_DTW': 0.0, 'unseen_N': 1920, 'unseen_CRPS': 0.0008, 'unseen_NLL': -4.809, 'unseen_KL_Div': 12.1926, 'all_R2': 0.7435, 'all_KGE': 0.6241, 'all_ubRMSE': 0.0013, 'all_FreezeAcc': 86.29, 'all_DTW': 0.0, 'all_N': 7680, 'all_CRPS': 0.0725, 'all_NLL': -2.9929, 'all_KL_Div': 4.2692, 'spatial_gap': 99.2043, 'inference_s': 0.06}","{'seen_R2': -297.3856, 'seen_KGE': nan, 'seen_ubRMSE': 0.0, 'seen_FreezeAcc': 100.0, 'seen_DTW': 0.0, 'seen_N': 5760, 'seen_CRPS': 0.0008, 'seen_NLL': -4.809, 'seen_KL_Div': 12.1926, 'unseen_R2': 0.7118, 'unseen_KGE': -40.3912, 'unseen_ubRMSE': 0.0011, 'unseen_FreezeAcc': 77.5, 'unseen_DTW': 0.0, 'unseen_N': 1920, 'unseen_CRPS': 0.033, 'unseen_NLL': -3.1532, 'unseen_KL_Div': 3.7473, 'all_R2': 0.7118, 'all_KGE': -92.5691, 'all_ubRMSE': 0.0005, 'all_FreezeAcc': 94.38, 'all_DTW': 0.0, 'all_N': 7680, 'all_CRPS': 0.0088, 'all_NLL': -4.3951, 'all_KL_Div': 3.1212, 'spatial_gap': -298.0974, 'inference_s': 0.06}",True
SpatialMamba,moist,SSM,0.20163567196729038,"{'seen_R2': 0.1874, 'seen_KGE': -0.9246, 'seen_ubRMSE': 0.0206, 'seen_FreezeAcc': 82.18, 'seen_DTW': 0.0, 'seen_N': 17280, 'seen_CRPS': 1.9214, 'seen_NLL': 1.2192, 'seen_KL_Div': 5.3807, 'unseen_R2': -1076.353, 'unseen_KGE': nan, 'unseen_ubRMSE': 0.0, 'unseen_FreezeAcc': 0.0, 'unseen_DTW': 0.0, 'unseen_N': 5760, 'unseen_CRPS': 0.0177, 'unseen_NLL': -1.6624, 'unseen_KL_Div': 15.3394, 'all_R2': 0.1877, 'all_KGE': -0.9236, 'all_ubRMSE': 0.0179, 'all_FreezeAcc': 61.63, 'all_DTW': 0.0, 'all_N': 23040, 'all_CRPS': 1.4454, 'all_NLL': 0.4988, 'all_KL_Div': 5.2398, 'spatial_gap': 1076.5404, 'inference_s': 0.71}","{'seen_R2': -3231.0548, 'seen_KGE': nan, 'seen_ubRMSE': 0.0, 'seen_FreezeAcc': 0.0, 'seen_DTW': 0.0, 'seen_N': 17280, 'seen_CRPS': 0.0177, 'seen_NLL': -1.6624, 'seen_KL_Div': 15.3394, 'unseen_R2': 0.2147, 'unseen_KGE': -0.8985, 'unseen_ubRMSE': 0.0154, 'unseen_FreezeAcc': 76.55, 'unseen_DTW': 0.0, 'unseen_N': 5760, 'unseen_CRPS': 1.4356, 'unseen_NLL': 0.8733, 'unseen_KL_Div': 5.3659, 'all_R2': 0.2159, 'all_KGE': -0.8854, 'all_ubRMSE': 0.0077, 'all_FreezeAcc': 19.14, 'all_DTW': 0.0, 'all_N': 23040, 'all_CRPS': 0.3722, 'all_NLL': -1.0285, 'all_KL_Div': 4.7082, 'spatial_gap': -3231.2695, 'inference_s': 0.71}","{'seen_R2': 0.6157, 'seen_KGE': 0.6007, 'seen_ubRMSE': 0.0019, 'seen_FreezeAcc': 75.35, 'seen_DTW': 0.0, 'seen_N': 5760, 'seen_CRPS': 0.1869, 'seen_NLL': -0.6309, 'seen_KL_Div': 5.0749, 'unseen_R2': -358.1177, 'unseen_KGE': nan, 'unseen_ubRMSE': 0.0, 'unseen_FreezeAcc': 0.0, 'unseen_DTW': 0.0, 'unseen_N': 1920, 'unseen_CRPS': 0.0177, 'unseen_NLL': -1.6624, 'unseen_KL_Div': 15.3394, 'all_R2': 0.6174, 'all_KGE': 0.6015, 'all_ubRMSE': 0.0016, 'all_FreezeAcc': 56.51, 'all_DTW': 0.0, 'all_N': 7680, 'all_CRPS': 0.1446, 'all_NLL': -0.8888, 'all_KL_Div': 4.96, 'spatial_gap': 358.7334, 'inference_s': 0.24}","{'seen_R2': -1076.3516, 'seen_KGE': nan, 'seen_ubRMSE': 0.0, 'seen_FreezeAcc': 0.0, 'seen_DTW': 0.0, 'seen_N': 5760, 'seen_CRPS': 0.0177, 'seen_NLL': -1.6624, 'seen_KL_Div': 15.3394, 'unseen_R2': 0.6664, 'unseen_KGE': -582.2055, 'unseen_ubRMSE': 0.0012, 'unseen_FreezeAcc': 67.14, 'unseen_DTW': 0.0, 'unseen_N': 1920, 'unseen_CRPS': 0.058, 'unseen_NLL': -0.9112, 'unseen_KL_Div': 4.3115, 'all_R2': 0.6664, 'all_KGE': -484.6516, 'all_ubRMSE': 0.0006, 'all_FreezeAcc': 16.78, 'all_DTW': 0.0, 'all_N': 7680, 'all_CRPS': 0.0278, 'all_NLL': -1.4746, 'all_KL_Div': 4.2677, 'spatial_gap': -1077.018, 'inference_s': 0.24}",True
SpatialS4,moist,SSM,0.6385947030717718,"{'seen_R2': 0.6159, 'seen_KGE': -0.8397, 'seen_ubRMSE': 0.0141, 'seen_FreezeAcc': 84.44, 'seen_DTW': 0.0, 'seen_N': 17280, 'seen_CRPS': 1.1467, 'seen_NLL': 0.8425, 'seen_KL_Div': 4.8646, 'unseen_R2': -24789.4586, 'unseen_KGE': nan, 'unseen_ubRMSE': 0.0, 'unseen_FreezeAcc': 100.0, 'unseen_DTW': 0.0, 'unseen_N': 5760, 'unseen_CRPS': 0.0262, 'unseen_NLL': -1.2695, 'unseen_KL_Div': 15.7322, 'all_R2': 0.616, 'all_KGE': -0.8473, 'all_ubRMSE': 0.0123, 'all_FreezeAcc': 88.33, 'all_DTW': 0.0, 'all_N': 23040, 'all_CRPS': 0.8666, 'all_NLL': 0.3145, 'all_KL_Div': 4.7282, 'spatial_gap': 24790.0745, 'inference_s': 0.87}","{'seen_R2': -74370.3235, 'seen_KGE': nan, 'seen_ubRMSE': 0.0, 'seen_FreezeAcc': 100.0, 'seen_DTW': 0.0, 'seen_N': 17280, 'seen_CRPS': 0.0262, 'seen_NLL': -1.2695, 'seen_KL_Div': 15.7322, 'unseen_R2': 0.5838, 'unseen_KGE': -0.5826, 'unseen_ubRMSE': 0.0112, 'unseen_FreezeAcc': 78.87, 'unseen_DTW': 0.0, 'unseen_N': 5760, 'unseen_CRPS': 1.0418, 'unseen_NLL': 0.4564, 'unseen_KL_Div': 5.0452, 'all_R2': 0.5844, 'all_KGE': -0.6573, 'all_ubRMSE': 0.0056, 'all_FreezeAcc': 94.72, 'all_DTW': 0.0, 'all_N': 23040, 'all_CRPS': 0.2801, 'all_NLL': -0.838, 'all_KL_Div': 4.424, 'spatial_gap': -74370.9073, 'inference_s': 0.86}","{'seen_R2': 0.7303, 'seen_KGE': 0.5829, 'seen_ubRMSE': 0.0016, 'seen_FreezeAcc': 80.94, 'seen_DTW': 0.0, 'seen_N': 5760, 'seen_CRPS': 0.1083, 'seen_NLL': -0.892, 'seen_KL_Div': 4.5299, 'unseen_R2': -8262.4858, 'unseen_KGE': nan, 'unseen_ubRMSE': 0.0, 'unseen_FreezeAcc': 100.0, 'unseen_DTW': 0.0, 'unseen_N': 1920, 'unseen_CRPS': 0.0262, 'unseen_NLL': -1.2695, 'unseen_KL_Div': 15.7322, 'all_R2': 0.7314, 'all_KGE': 0.5665, 'all_ubRMSE': 0.0014, 'all_FreezeAcc': 85.7, 'all_DTW': 0.0, 'all_N': 7680, 'all_CRPS': 0.0878, 'all_NLL': -0.9864, 'all_KL_Div': 4.4614, 'spatial_gap': 8263.2161, 'inference_s': 0.29}","{'seen_R2': -24789.4404, 'seen_KGE': nan, 'seen_ubRMSE': 0.0, 'seen_FreezeAcc': 100.0, 'seen_DTW': 0.0, 'seen_N': 5760, 'seen_CRPS': 0.0262, 'seen_NLL': -1.2695, 'seen_KL_Div': 15.7322, 'unseen_R2': 0.805, 'unseen_KGE': -266.2645, 'unseen_ubRMSE': 0.0009, 'unseen_FreezeAcc': 73.23, 'unseen_DTW': 0.0, 'unseen_N': 1920, 'unseen_CRPS': 0.0322, 'unseen_NLL': -1.4131, 'unseen_KL_Div': 3.7228, 'all_R2': 0.8047, 'all_KGE': -741.5903, 'all_ubRMSE': 0.0004, 'all_FreezeAcc': 93.31, 'all_DTW': 0.0, 'all_N': 7680, 'all_CRPS': 0.0277, 'all_NLL': -1.3054, 'all_KL_Div': 4.2651, 'spatial_gap': -24790.2454, 'inference_s': 0.29}",True
SpatialFuseMoE,moist,SSM,0.643845315741368,"{'seen_R2': 0.6011, 'seen_KGE': -0.9246, 'seen_ubRMSE': 0.0144, 'seen_FreezeAcc': 84.4, 'seen_DTW': 0.0, 'seen_N': 17280, 'seen_CRPS': 1.1723, 'seen_NLL': 0.5037, 'seen_KL_Div': 4.8867, 'unseen_R2': -16874.4821, 'unseen_KGE': nan, 'unseen_ubRMSE': 0.0, 'unseen_FreezeAcc': 0.0, 'unseen_DTW': 0.0, 'unseen_N': 5760, 'unseen_CRPS': 0.0136, 'unseen_NLL': -1.9229, 'unseen_KL_Div': 15.0788, 'all_R2': 0.6013, 'all_KGE': -0.9184, 'all_ubRMSE': 0.0125, 'all_FreezeAcc': 63.3, 'all_DTW': 0.0, 'all_N': 23040, 'all_CRPS': 0.8826, 'all_NLL': -0.103, 'all_KL_Div': 4.7465, 'spatial_gap': 16875.0832, 'inference_s': 0.8}","{'seen_R2': -50625.5133, 'seen_KGE': nan, 'seen_ubRMSE': 0.0, 'seen_FreezeAcc': 0.0, 'seen_DTW': 0.0, 'seen_N': 17280, 'seen_CRPS': 0.0136, 'seen_NLL': -1.9229, 'seen_KL_Div': 15.0788, 'unseen_R2': 0.5457, 'unseen_KGE': -0.7991, 'unseen_ubRMSE': 0.0117, 'unseen_FreezeAcc': 76.82, 'unseen_DTW': 0.0, 'unseen_N': 5760, 'unseen_CRPS': 0.9311, 'unseen_NLL': -0.2349, 'unseen_KL_Div': 4.9329, 'all_R2': 0.5464, 'all_KGE': -0.7377, 'all_ubRMSE': 0.0059, 'all_FreezeAcc': 19.21, 'all_DTW': 0.0, 'all_N': 23040, 'all_CRPS': 0.243, 'all_NLL': -1.5009, 'all_KL_Div': 4.282, 'spatial_gap': -50626.059, 'inference_s': 0.79}","{'seen_R2': 0.7592, 'seen_KGE': 0.5279, 'seen_ubRMSE': 0.0015, 'seen_FreezeAcc': 77.66, 'seen_DTW': 0.0, 'seen_N': 5760, 'seen_CRPS': 0.0987, 'seen_NLL': -1.3579, 'seen_KL_Div': 4.4362, 'unseen_R2': -5624.1633, 'unseen_KGE': nan, 'unseen_ubRMSE': 0.0, 'unseen_FreezeAcc': 0.0, 'unseen_DTW': 0.0, 'unseen_N': 1920, 'unseen_CRPS': 0.0136, 'unseen_NLL': -1.9229, 'unseen_KL_Div': 15.0788, 'all_R2': 0.7603, 'all_KGE': 0.5419, 'all_ubRMSE': 0.0013, 'all_FreezeAcc': 58.24, 'all_DTW': 0.0, 'all_N': 7680, 'all_CRPS': 0.0774, 'all_NLL': -1.4991, 'all_KL_Div': 4.3353, 'spatial_gap': 5624.9225, 'inference_s': 0.26}","{'seen_R2': -16874.5082, 'seen_KGE': nan, 'seen_ubRMSE': 0.0, 'seen_FreezeAcc': 0.0, 'seen_DTW': 0.0, 'seen_N': 5760, 'seen_CRPS': 0.0136, 'seen_NLL': -1.9229, 'seen_KL_Div': 15.0788, 'unseen_R2': 0.761, 'unseen_KGE': -252.6776, 'unseen_ubRMSE': 0.001, 'unseen_FreezeAcc': 73.07, 'unseen_DTW': 0.0, 'unseen_N': 1920, 'unseen_CRPS': 0.0333, 'unseen_NLL': -2.1178, 'unseen_KL_Div': 3.7553, 'all_R2': 0.7608, 'all_KGE': -136.3545, 'all_ubRMSE': 0.0005, 'all_FreezeAcc': 18.27, 'all_DTW': 0.0, 'all_N': 7680, 'all_CRPS': 0.0185, 'all_NLL': -1.9717, 'all_KL_Div': 3.8636, 'spatial_gap': -16875.2692, 'inference_s': 0.26}",True
