arch,tier,target,n_gpus,val_r2,elapsed_s,elapsed_min,epochs_run,batch_size,time_1gpu,r2_1gpu,speedup,efficiency,drop_ratio
BiGRU_NoGCN,ABLATION,temp,1,0.8601,90.2,1.5,30,4,90.2,0.8601,0.9999999998891353,99.99999998891353,0.0
GCN_NoTemporal,ABLATION,temp,1,0.7525,29.3,0.49,27,4,29.3,0.7525,0.999999999658703,99.9999999658703,0.0
DeepESN,RESERVOIR,temp,1,0.4616,101.7,1.69,30,4,101.7,0.4616,0.9999999999016717,99.99999999016717,0.0
SpatialESN,RESERVOIR,temp,1,0.5927,103.9,1.73,30,4,103.9,0.5927,0.9999999999037537,99.99999999037537,0.0
GraphSAGE,GRAPH,temp,1,0.8694,91.8,1.53,30,4,91.8,0.8694,0.9999999998910676,99.99999998910675,0.0
GAT,GRAPH,temp,1,0.8762,130.3,2.17,30,4,130.3,0.8762,0.999999999923254,99.9999999923254,0.0
STGCN,GRAPH,temp,1,0.8752,74.7,1.24,24,4,74.7,0.8752,0.9999999998661313,99.99999998661313,0.0
SpatialTransformer,ATTENTION,temp,1,0.8569,117.8,1.96,29,4,117.8,0.8569,0.9999999999151105,99.99999999151105,0.0
SpatialInformer,ATTENTION,temp,1,0.7418,81.7,1.36,25,4,81.7,0.7418,0.999999999877601,99.9999999877601,0.0
SpatialBiGRU,SSM,temp,1,0.8738,145.1,2.42,29,4,145.1,0.8738,0.9999999999310819,99.99999999310819,0.0
SpatialMamba,SSM,temp,1,0.8628,73.6,1.23,24,4,73.6,0.8628,0.9999999998641306,99.99999998641306,0.0
SpatialS4,SSM,temp,1,0.8628,73.5,1.23,24,4,73.5,0.8628,0.9999999998639456,99.99999998639456,0.0
SpatialFuseMoE,SSM,temp,1,0.8501,131.7,2.19,30,4,131.7,0.8501,0.9999999999240698,99.99999999240698,0.0
BiGRU_NoGCN,ABLATION,temp,2,0.8441,71.4,1.19,30,4,90.2,0.8601,1.2633053219519181,63.165266097595904,0.016000000000000014
GCN_NoTemporal,ABLATION,temp,2,0.748,25.1,0.42,23,4,29.3,0.7525,1.1673306768257645,58.36653384128822,0.0044999999999999485
DeepESN,RESERVOIR,temp,2,0.4249,70.5,1.18,30,4,101.7,0.4616,1.4425531912847445,72.12765956423722,0.03670000000000001
SpatialESN,RESERVOIR,temp,2,0.5159,72.3,1.2,30,4,103.9,0.5927,1.437067772968594,71.8533886484297,0.07679999999999998
GraphSAGE,GRAPH,temp,2,0.8608,71.8,1.2,30,4,91.8,0.8694,1.278551531855355,63.92757659276776,0.008599999999999941
GAT,GRAPH,temp,2,0.8578,86.3,1.44,30,4,130.3,0.8762,1.5098493625133433,75.49246812566717,0.018399999999999972
STGCN,GRAPH,temp,2,0.8634,71.0,1.18,30,4,74.7,0.8752,1.0521126759081534,52.60563379540767,0.011800000000000033
SpatialTransformer,ATTENTION,temp,2,0.8478,73.7,1.23,28,4,117.8,0.8569,1.5983717772593797,79.91858886296899,0.009099999999999997
SpatialInformer,ATTENTION,temp,2,0.7274,66.9,1.11,30,4,81.7,0.7418,1.2212257098324029,61.06128549162014,0.014399999999999968
SpatialBiGRU,SSM,temp,2,0.8581,87.0,1.45,27,4,145.1,0.8738,1.6678160917623202,83.39080458811601,0.015700000000000047
SpatialMamba,SSM,temp,2,0.8494,58.6,0.98,24,4,73.6,0.8628,1.255972696031404,62.798634801570195,0.013399999999999967
SpatialS4,SSM,temp,2,0.8494,57.8,0.96,24,4,73.5,0.8628,1.2716262973578503,63.581314867892516,0.013399999999999967
SpatialFuseMoE,SSM,temp,2,0.8367,85.6,1.43,30,4,131.7,0.8501,1.5385514016894217,76.92757008447109,0.013399999999999967
BiGRU_NoGCN,ABLATION,temp,4,0.8268,53.5,0.89,30,8,90.2,0.8601,1.6859813080960784,42.149532702401956,0.033299999999999996
GCN_NoTemporal,ABLATION,temp,4,0.7417,24.5,0.41,25,8,29.3,0.7525,1.195918366858809,29.897959171470223,0.01079999999999992
DeepESN,RESERVOIR,temp,4,0.3922,52.4,0.87,30,8,101.7,0.4616,1.9408396942860995,48.52099235715249,0.06940000000000002
SpatialESN,RESERVOIR,temp,4,0.4496,53.6,0.89,30,8,103.9,0.5927,1.9384328354592477,48.460820886481194,0.1431
GraphSAGE,GRAPH,temp,4,0.844,54.7,0.91,30,8,91.8,0.8694,1.6782449722708874,41.95612430677219,0.025399999999999978
GAT,GRAPH,temp,4,0.84,56.6,0.94,30,8,130.3,0.8762,2.3021201409360215,57.553003523400534,0.03620000000000001
STGCN,GRAPH,temp,4,0.8447,54.6,0.91,30,8,74.7,0.8752,1.3681318678812946,34.203296697032364,0.03049999999999997
SpatialTransformer,ATTENTION,temp,4,0.8304,52.5,0.88,30,8,117.8,0.8569,2.2438095233821316,56.09523808455329,0.026499999999999968
SpatialInformer,ATTENTION,temp,4,0.7129,46.5,0.78,30,8,81.7,0.7418,1.7569892469339807,43.92473117334952,0.028900000000000037
SpatialBiGRU,SSM,temp,4,0.8385,61.6,1.03,30,8,145.1,0.8738,2.3555194801370907,58.88798700342727,0.0353
SpatialMamba,SSM,temp,4,0.8356,50.7,0.85,27,8,73.6,0.8628,1.4516765283132786,36.29191320783197,0.027200000000000002
SpatialS4,SSM,temp,4,0.8356,50.1,0.84,27,8,73.5,0.8628,1.4670658679706454,36.676646699266136,0.027200000000000002
SpatialFuseMoE,SSM,temp,4,0.8093,56.1,0.94,30,8,131.7,0.8501,2.3475935824692344,58.689839561730864,0.04079999999999995
BiGRU_NoGCN,ABLATION,temp,8,0.7091,48.4,0.81,30,16,90.2,0.8601,1.8636363632513149,23.295454540641437,0.15100000000000002
GCN_NoTemporal,ABLATION,temp,8,0.7236,26.4,0.44,30,16,29.3,0.7525,1.1098484844280878,13.873106055351098,0.028899999999999926
DeepESN,RESERVOIR,temp,8,0.3464,42.5,0.71,30,16,101.7,0.4616,2.392941175907543,29.91176469884429,0.11520000000000002
SpatialESN,RESERVOIR,temp,8,0.3839,43.7,0.73,30,16,103.9,0.5927,2.377574370165315,29.719679627066437,0.20879999999999999
GraphSAGE,GRAPH,temp,8,0.788,46.7,0.78,30,16,91.8,0.8694,1.9657387576090493,24.571734470113114,0.08139999999999992
GAT,GRAPH,temp,8,0.7852,48.1,0.8,30,16,130.3,0.8762,2.70893970837652,33.861746354706504,0.09099999999999997
STGCN,GRAPH,temp,8,0.778,46.9,0.78,30,16,74.7,0.8752,1.592750532709435,19.909381658867936,0.09719999999999995
SpatialTransformer,ATTENTION,temp,8,0.7415,38.0,0.63,30,16,117.8,0.8569,3.0999999991842104,38.74999998980263,0.11539999999999995
SpatialInformer,ATTENTION,temp,8,0.6892,35.9,0.6,30,16,81.7,0.7418,2.275766016079174,28.447075200989673,0.05259999999999998
SpatialBiGRU,SSM,temp,8,0.7621,50.1,0.84,30,16,145.1,0.8738,2.8962075842522537,36.20259480315317,0.11170000000000002
SpatialMamba,SSM,temp,8,0.7929,49.1,0.82,30,16,73.6,0.8628,1.498981669755808,18.7372708719476,0.06989999999999996
SpatialS4,SSM,temp,8,0.7929,46.8,0.78,30,16,73.5,0.8628,1.570512820177241,19.631410252215513,0.06989999999999996
SpatialFuseMoE,SSM,temp,8,0.7495,42.4,0.71,30,16,131.7,0.8501,3.1061320747391195,38.82665093423899,0.10059999999999991
BiGRU_NoGCN,ABLATION,smap,1,0.9535,92.2,1.54,30,4,92.2,0.9535,0.9999999998915402,99.99999998915402,0.0
GCN_NoTemporal,ABLATION,smap,1,0.9424,31.7,0.53,30,4,31.7,0.9424,0.9999999996845426,99.99999996845426,0.0
DeepESN,RESERVOIR,smap,1,0.6379,102.2,1.7,30,4,102.2,0.6379,0.9999999999021527,99.99999999021527,0.0
SpatialESN,RESERVOIR,smap,1,0.8113,103.1,1.72,30,4,103.1,0.8113,0.9999999999030068,99.99999999030068,0.0
GraphSAGE,GRAPH,smap,1,0.9584,91.0,1.52,30,4,91.0,0.9584,0.99999999989011,99.999999989011,0.0
GAT,GRAPH,smap,1,0.9641,131.5,2.19,30,4,131.5,0.9641,0.9999999999239543,99.99999999239543,0.0
STGCN,GRAPH,smap,1,0.9637,91.0,1.52,30,4,91.0,0.9637,0.99999999989011,99.999999989011,0.0
SpatialTransformer,ATTENTION,smap,1,0.9408,120.3,2.01,30,4,120.3,0.9408,0.9999999999168745,99.99999999168745,0.0
SpatialInformer,ATTENTION,smap,1,0.9171,97.4,1.62,30,4,97.4,0.9171,0.9999999998973307,99.99999998973307,0.0
SpatialBiGRU,SSM,smap,1,0.957,150.8,2.51,30,4,150.8,0.957,0.9999999999336869,99.99999999336869,0.0
SpatialMamba,SSM,smap,1,0.955,91.9,1.53,30,4,91.9,0.955,0.9999999998911862,99.99999998911862,0.0
SpatialS4,SSM,smap,1,0.955,91.3,1.52,30,4,91.3,0.955,0.9999999998904711,99.99999998904711,0.0
SpatialFuseMoE,SSM,smap,1,0.96,132.4,2.21,30,4,132.4,0.96,0.9999999999244712,99.99999999244712,0.0
BiGRU_NoGCN,ABLATION,smap,2,0.9326,73.5,1.23,30,4,92.2,0.9535,1.2544217685368135,62.72108842684068,0.02090000000000003
GCN_NoTemporal,ABLATION,smap,2,0.9381,33.6,0.56,30,4,31.7,0.9424,0.9434523806715914,47.17261903357957,0.0042999999999999705
DeepESN,RESERVOIR,smap,2,0.587,70.9,1.18,30,4,102.2,0.6379,1.441466854521655,72.07334272608274,0.050900000000000056
SpatialESN,RESERVOIR,smap,2,0.7621,72.5,1.21,30,4,103.1,0.8113,1.422068965321094,71.1034482660547,0.04920000000000002
GraphSAGE,GRAPH,smap,2,0.9425,71.0,1.18,30,4,91.0,0.9584,1.281690140664551,64.08450703322754,0.015900000000000025
GAT,GRAPH,smap,2,0.9515,87.3,1.45,30,4,131.5,0.9641,1.5063001143749943,75.31500571874972,0.012599999999999945
STGCN,GRAPH,smap,2,0.9555,70.3,1.17,30,4,91.0,0.9637,1.2944523468997935,64.72261734498967,0.008199999999999985
SpatialTransformer,ATTENTION,smap,2,0.9184,79.5,1.32,30,4,120.3,0.9408,1.5132075469794708,75.66037734897354,0.022399999999999975
SpatialInformer,ATTENTION,smap,2,0.9051,66.9,1.11,30,4,97.4,0.9171,1.4559043346104779,72.79521673052389,0.01200000000000001
SpatialBiGRU,SSM,smap,2,0.9444,97.7,1.63,30,4,150.8,0.957,1.5435005116127432,77.17502558063715,0.012599999999999945
SpatialMamba,SSM,smap,2,0.9448,69.1,1.15,30,4,91.9,0.955,1.329956584467445,66.49782922337225,0.010199999999999987
SpatialS4,SSM,smap,2,0.9448,69.1,1.15,30,4,91.3,0.955,1.3212735164513354,66.06367582256676,0.010199999999999987
SpatialFuseMoE,SSM,smap,2,0.9487,85.6,1.43,30,4,132.4,0.96,1.5467289717819244,77.33644858909622,0.011299999999999977
BiGRU_NoGCN,ABLATION,smap,4,0.8967,56.7,0.94,30,8,92.2,0.9535,1.6261022924821689,40.65255731205422,0.05679999999999996
GCN_NoTemporal,ABLATION,smap,4,0.929,29.5,0.49,30,8,31.7,0.9424,1.0745762708221775,26.86440677055444,0.013399999999999967
DeepESN,RESERVOIR,smap,4,0.5395,52.6,0.88,30,8,102.2,0.6379,1.9429657790982955,48.57414447745739,0.09840000000000004
SpatialESN,RESERVOIR,smap,4,0.7011,54.1,0.9,30,8,103.1,0.8113,1.9057301290377577,47.643253225943944,0.11020000000000008
GraphSAGE,GRAPH,smap,4,0.9136,56.3,0.94,30,8,91.0,0.9584,1.6163410299082877,40.40852574770719,0.04480000000000006
GAT,GRAPH,smap,4,0.92,56.9,0.95,30,8,131.5,0.9641,2.311072055832852,57.776801395821295,0.04409999999999992
STGCN,GRAPH,smap,4,0.9265,53.5,0.89,30,8,91.0,0.9637,1.7009345791213206,42.52336447803302,0.03720000000000001
SpatialTransformer,ATTENTION,smap,4,0.8723,52.6,0.88,30,8,120.3,0.9408,2.287072242911203,57.176806072780074,0.0685
SpatialInformer,ATTENTION,smap,4,0.8891,46.4,0.77,30,8,97.4,0.9171,2.0991379305820823,52.47844826455206,0.028000000000000025
SpatialBiGRU,SSM,smap,4,0.9143,61.4,1.02,30,8,150.8,0.957,2.456026058231918,61.40065145579795,0.04269999999999996
SpatialMamba,SSM,smap,4,0.9225,54.6,0.91,30,8,91.9,0.955,1.683150182841914,42.07875457104785,0.03249999999999997
SpatialS4,SSM,smap,4,0.9225,55.4,0.92,30,8,91.3,0.955,1.6480144401357375,41.20036100339344,0.03249999999999997
SpatialFuseMoE,SSM,smap,4,0.9181,56.6,0.94,30,8,132.4,0.96,2.3392226144276993,58.48056536069248,0.04189999999999994
BiGRU_NoGCN,ABLATION,smap,8,0.8457,51.5,0.86,30,16,92.2,0.9535,1.790291261788293,22.378640772353663,0.1078
GCN_NoTemporal,ABLATION,smap,8,0.9151,26.7,0.45,30,16,31.7,0.9424,1.1872659171583273,14.84082396447909,0.02729999999999999
DeepESN,RESERVOIR,smap,8,0.4762,43.0,0.72,30,16,102.2,0.6379,2.3767441854937803,29.709302318672254,0.1617
SpatialESN,RESERVOIR,smap,8,0.6005,44.3,0.74,30,16,103.1,0.8113,2.32731376922634,29.09142211532925,0.2108
GraphSAGE,GRAPH,smap,8,0.8804,49.6,0.83,30,16,91.0,0.9584,1.834677418984944,22.9334677373118,0.07800000000000007
GAT,GRAPH,smap,8,0.8864,51.0,0.85,30,16,131.5,0.9641,2.5784313720434446,32.23039215054306,0.07769999999999999
STGCN,GRAPH,smap,8,0.8811,49.1,0.82,30,16,91.0,0.9637,1.853360488420904,23.1670061052613,0.0826
SpatialTransformer,ATTENTION,smap,8,0.7855,37.0,0.62,30,16,120.3,0.9408,3.2513513504726075,40.64189188090759,0.1553
SpatialInformer,ATTENTION,smap,8,0.8459,35.5,0.59,30,16,97.4,0.9171,2.7436619710581236,34.29577463822655,0.07120000000000004
SpatialBiGRU,SSM,smap,8,0.8256,52.2,0.87,30,16,150.8,0.957,2.8888888883354618,36.11111110419327,0.13139999999999996
SpatialMamba,SSM,smap,8,0.8661,50.2,0.84,30,16,91.9,0.955,1.8306772904719766,22.883466130899706,0.08889999999999998
SpatialS4,SSM,smap,8,0.8661,50.5,0.84,30,16,91.3,0.955,1.8079207917212037,22.599009896515046,0.08889999999999998
SpatialFuseMoE,SSM,smap,8,0.8401,44.3,0.74,30,16,132.4,0.96,2.9887133176097715,37.358916470122146,0.1199
BiGRU_NoGCN,ABLATION,moist,1,0.5324,88.9,1.48,30,4,88.9,0.5324,0.9999999998875141,99.99999998875141,0.0
GCN_NoTemporal,ABLATION,moist,1,0.9113,13.9,0.23,13,4,13.9,0.9113,0.9999999992805755,99.99999992805755,0.0
DeepESN,RESERVOIR,moist,1,0.4981,101.8,1.7,30,4,101.8,0.4981,0.9999999999017682,99.99999999017682,0.0
SpatialESN,RESERVOIR,moist,1,0.5899,104.1,1.73,30,4,104.1,0.5899,0.9999999999039386,99.99999999039386,0.0
GraphSAGE,GRAPH,moist,1,0.63,92.6,1.54,30,4,92.6,0.63,0.9999999998920087,99.99999998920087,0.0
GAT,GRAPH,moist,1,0.6491,130.6,2.18,30,4,130.6,0.6491,0.9999999999234302,99.99999999234302,0.0
STGCN,GRAPH,moist,1,0.6356,90.8,1.51,30,4,90.8,0.6356,0.9999999998898679,99.99999998898679,0.0
SpatialTransformer,ATTENTION,moist,1,0.6328,121.9,2.03,30,4,121.9,0.6328,0.9999999999179656,99.99999999179656,0.0
SpatialInformer,ATTENTION,moist,1,0.476,98.4,1.64,30,4,98.4,0.476,0.9999999998983741,99.9999999898374,0.0
SpatialBiGRU,SSM,moist,1,0.5731,149.7,2.5,30,4,149.7,0.5731,0.9999999999331997,99.99999999331996,0.0
SpatialMamba,SSM,moist,1,0.506,90.4,1.51,30,4,90.4,0.506,0.9999999998893806,99.99999998893806,0.0
SpatialS4,SSM,moist,1,0.506,89.9,1.5,30,4,89.9,0.506,0.9999999998887653,99.99999998887652,0.0
SpatialFuseMoE,SSM,moist,1,0.5904,132.3,2.2,30,4,132.3,0.5904,0.9999999999244141,99.99999999244142,0.0
BiGRU_NoGCN,ABLATION,moist,2,0.4073,68.4,1.14,30,4,88.9,0.5324,1.2997076021491656,64.98538010745828,0.1251
GCN_NoTemporal,ABLATION,moist,2,0.9107,24.7,0.41,23,4,13.9,0.9113,0.5627530362094117,28.137651810470587,0.0006000000000000449
DeepESN,RESERVOIR,moist,2,0.4238,70.7,1.18,30,4,101.8,0.4981,1.4398868456237783,71.99434228118892,0.07429999999999998
SpatialESN,RESERVOIR,moist,2,0.5015,72.3,1.21,30,4,104.1,0.5899,1.4398340246971184,71.99170123485592,0.08840000000000003
GraphSAGE,GRAPH,moist,2,0.525,70.0,1.17,30,4,92.6,0.63,1.3228571426681632,66.14285713340816,0.10499999999999998
GAT,GRAPH,moist,2,0.562,86.4,1.44,30,4,130.6,0.6491,1.5115740738991232,75.57870369495616,0.08709999999999996
STGCN,GRAPH,moist,2,0.5283,70.2,1.17,30,4,90.8,0.6356,1.2934472932630416,64.67236466315208,0.10730000000000006
SpatialTransformer,ATTENTION,moist,2,0.4945,79.3,1.32,30,4,121.9,0.6328,1.5372005042197732,76.86002521098865,0.13830000000000003
SpatialInformer,ATTENTION,moist,2,0.3372,66.6,1.11,30,4,98.4,0.476,1.4774774772556343,73.8738738627817,0.13879999999999998
SpatialBiGRU,SSM,moist,2,0.4146,96.7,1.61,30,4,149.7,0.5731,1.548086866437633,77.40434332188165,0.15850000000000003
SpatialMamba,SSM,moist,2,0.3897,69.1,1.15,30,4,90.4,0.506,1.3082489144271712,65.41244572135855,0.11630000000000001
SpatialS4,SSM,moist,2,0.3897,70.7,1.18,30,4,89.9,0.506,1.2715700139644175,63.57850069822087,0.11630000000000001
SpatialFuseMoE,SSM,moist,2,0.4782,85.9,1.43,30,4,132.3,0.5904,1.540162980030249,77.00814900151245,0.11220000000000002
BiGRU_NoGCN,ABLATION,moist,4,0.287,53.8,0.9,30,8,88.9,0.5324,1.652416356570183,41.31040891425457,0.2454
GCN_NoTemporal,ABLATION,moist,4,0.9099,29.7,0.49,30,8,13.9,0.9113,0.4680134678558877,11.700336696397192,0.0013999999999999568
DeepESN,RESERVOIR,moist,4,0.3686,52.4,0.87,30,8,101.8,0.4981,1.9427480912322999,48.5687022808075,0.1295
SpatialESN,RESERVOIR,moist,4,0.4252,54.4,0.91,30,8,104.1,0.5899,1.9136029408247053,47.84007352061763,0.16469999999999996
GraphSAGE,GRAPH,moist,4,0.4095,54.7,0.91,30,8,92.6,0.63,1.6928702007874092,42.321755019685234,0.22050000000000003
GAT,GRAPH,moist,4,0.4637,56.0,0.93,30,8,130.6,0.6491,2.332142856726403,58.303571418160075,0.1854
STGCN,GRAPH,moist,4,0.4236,52.4,0.87,30,8,90.8,0.6356,1.7328244271502242,43.32061067875561,0.21200000000000008
SpatialTransformer,ATTENTION,moist,4,0.3674,52.7,0.88,30,8,121.9,0.6328,2.3130929786882177,57.82732446720544,0.2654
SpatialInformer,ATTENTION,moist,4,0.2294,46.7,0.78,30,8,98.4,0.476,2.107066380705125,52.676659517628124,0.24659999999999999
SpatialBiGRU,SSM,moist,4,0.2901,61.4,1.02,30,8,149.7,0.5731,2.4381107487885814,60.952768719714534,0.28300000000000003
SpatialMamba,SSM,moist,4,0.2816,53.3,0.89,30,8,90.4,0.506,1.6960600372052421,42.40150093013105,0.2244
SpatialS4,SSM,moist,4,0.2816,54.6,0.91,30,8,89.9,0.506,1.6465201462185861,41.16300365546465,0.2244
SpatialFuseMoE,SSM,moist,4,0.3636,56.8,0.95,30,8,132.3,0.5904,2.3292253517026014,58.23063379256504,0.22680000000000006
BiGRU_NoGCN,ABLATION,moist,8,0.1667,52.8,0.88,30,16,88.9,0.5324,1.6837121208932364,21.046401511165456,0.3657
GCN_NoTemporal,ABLATION,moist,8,0.8967,34.0,0.57,30,16,13.9,0.9113,0.4088235292915225,5.110294116144031,0.014599999999999946
DeepESN,RESERVOIR,moist,8,0.3018,50.3,0.84,30,16,101.8,0.4981,2.023856858444561,25.298210730557013,0.19629999999999997
SpatialESN,RESERVOIR,moist,8,0.3225,50.7,0.85,30,16,104.1,0.5899,2.053254437464841,25.665680468310516,0.26739999999999997
GraphSAGE,GRAPH,moist,8,0.2713,54.6,0.91,30,16,92.6,0.63,1.6959706956600784,21.19963369575098,0.3587
GAT,GRAPH,moist,8,0.348,58.6,0.98,30,16,130.6,0.6491,2.228668941599203,27.858361769990037,0.30110000000000003
STGCN,GRAPH,moist,8,0.3018,56.5,0.94,30,16,90.8,0.6356,1.6070796457332601,20.088495571665753,0.33380000000000004
SpatialTransformer,ATTENTION,moist,8,0.2776,45.6,0.76,30,16,121.9,0.6328,2.6732456134488496,33.41557016811062,0.3552
SpatialInformer,ATTENTION,moist,8,0.1485,43.4,0.72,30,16,98.4,0.476,2.2672811054683684,28.341013818354604,0.3275
SpatialBiGRU,SSM,moist,8,0.1836,55.6,0.93,30,16,149.7,0.5731,2.6924460426812145,33.65557553351518,0.38950000000000007
SpatialMamba,SSM,moist,8,0.1789,52.3,0.87,30,16,90.4,0.506,1.728489483417115,21.606118542713936,0.3271
SpatialS4,SSM,moist,8,0.1789,52.8,0.88,30,16,89.9,0.506,1.7026515148290435,21.283143935363043,0.3271
SpatialFuseMoE,SSM,moist,8,0.2522,50.7,0.85,30,16,132.3,0.5904,2.609467455106614,32.618343188832675,0.33820000000000006
