trial,r2,elapsed_s,lr,hidden_dim,n_layers,gcn_layers,dropout,weight_decay,lam_smooth,lam_crps
0,0.9692722598482513,0.0,0.0033745358170973717,98.87335990273763,2,3,0.07149942525803052,0.00025419460127195856,0.13658968995469387,0.06872012176922039
1,0.9683654149737235,0.0,0.002216978582280868,150.33026973599857,2,3,0.07127006330973137,6.857108815842788e-05,0.058481130237415475,0.2173891581639055
2,0.9677408395956075,0.0,0.003964538439028525,164.53434123219768,1,4,0.1036466002129448,0.0001291493857961084,0.04559787365240953,0.20837224913339586
3,0.9660848440921825,0.0,0.0025329440610059603,121.69662900619149,3,3,0.22281946119072876,1.0858458973237305e-05,0.19608187486550185,0.1898980454799408
4,0.9659266146423219,0.0,0.0035311169138214082,120.1764402882627,2,4,0.18947360581187278,1.5429601005519722e-05,0.19536824681098364,0.24028492549758823
5,0.9656736162412017,0.0,0.0020844459736559322,98.00769758055445,2,3,0.1415884074455168,1.0917713413371351e-05,0.1569726128703783,0.1843090023707012
6,0.9611362184457116,0.0,0.002002666339224256,97.12161858931594,2,3,0.18116254267136128,1.4457413769598209e-05,0.16702728178995416,0.2225636060502242
7,0.9574574672999369,0.0,0.0018286962879516216,123.78609882352515,4,3,0.09521007135716142,0.0007312946220431481,0.09970611129463142,0.12157718710343025
8,0.956651043849597,0.0,0.002100204436355861,135.2096026761213,1,3,0.20895341869372258,3.9127311911403484e-05,0.1547549993207565,0.25287139126069136
9,0.9550343769038548,0.0,0.0017972880279365502,138.76454002083017,1,3,0.06688886422797782,6.786014828968067e-05,0.017906693033759573,0.17349770481112975
10,0.9545230638722358,0.0,0.0027150659192692194,121.51827227440495,3,2,0.06927819243069987,0.000638564532552464,0.0965974950683861,0.10059084119880758
11,0.9542385580577771,0.0,0.0025149549152136495,103.98293009690126,4,4,0.21095287149936037,5.956028374469396e-05,0.06478233974674638,0.2206238759937439
12,0.9538159257805993,0.0,0.0016162724247192292,122.62627204971709,1,2,0.09990004790333648,0.00014066419584782112,0.015833110253661128,0.11931756193052702
13,0.9504015695037145,0.0,0.006792406834214724,93.46739083454474,1,1,0.16097049387829668,5.5187988830511374e-05,0.1676600511951585,0.25206286801607547
14,0.9489292047602091,0.0,0.003388423732158626,145.24394496007562,3,3,0.1618414321490827,4.0541535749001684e-05,0.01585538856790849,0.15917934730809058
15,0.948273613401635,0.0,0.0024696803719805207,121.10800327347593,1,2,0.11030241782957531,0.00018220705396336788,0.07874439600514417,0.07191247982902525
16,0.943913079713326,0.0,0.007483001940880183,126.77529835794115,1,3,0.17689201015259104,1.9640743953587863e-05,0.18185455413278118,0.28380535768734283
17,0.9431874422576314,0.0,0.0009489764616101872,101.1341704885825,4,1,0.06727712046832973,0.0005036101813644152,0.08864242551018936,0.05557018985511856
18,0.9418328423408193,0.0,0.002107817614371597,135.3001154996836,3,4,0.1828627080654775,6.49791046489694e-05,0.1646638730865466,0.09174322997692598
19,0.941570019261304,0.0,0.0007705989229173007,93.08655638845144,1,3,0.06276345122083507,0.00045212897915896766,0.13001623583319233,0.23952193502134345
20,0.9406702394805351,0.0,0.0012081288234511945,131.05024112335363,1,4,0.06985773020007942,0.0001907535947835623,0.06077181343064534,0.17111150834863958
21,0.9404726197951807,0.0,0.001170395347492591,123.82662657505374,2,2,0.10941104802373042,0.00042340460199275903,0.08568099719791968,0.12232874834406592
22,0.9390425023625388,0.0,0.0006890149396184472,187.67768475432726,1,3,0.23660464432004225,0.0004061830826108325,0.09880250429550538,0.24619086231304688
23,0.9368310544005615,0.0,0.0015803947672362421,175.94394122719547,1,1,0.11206473458001896,0.0003587646765587107,0.19464702095158382,0.17518529655058557
24,0.9367023825493721,0.0,0.0007074787985694369,153.2103402302015,2,2,0.11260395172617982,2.9445757719522753e-05,0.0631283834412203,0.21110822682176683
25,0.936631301856714,0.0,0.0024463853722533633,138.3829259802755,2,1,0.21082490523645253,0.0002696585899348614,0.15040696074395293,0.08276443788932832
26,0.933858028725593,0.0,0.0008276210937283382,136.79887308197038,1,1,0.0729060147071947,0.00021717304645704538,0.09950827916719518,0.1913090266202972
27,0.9335225133719087,0.0,0.0010907286498539606,104.4389186343415,1,4,0.18233225263355224,5.58875997149676e-05,0.027948666931687904,0.2366974028372565
28,0.927996559540082,0.0,0.0003349045376293411,183.91208326832373,4,1,0.0745515864822972,0.0004594363407148805,0.03912402015865387,0.09481707703943477
29,0.9271474271901003,0.0,0.00043080207419942236,185.97112256892734,3,2,0.15301142584634292,3.250350392917696e-05,0.18784827830930304,0.09115195439550454
30,0.9240540661164487,0.0,0.00040917891678108557,138.14010482456268,3,1,0.22132285681847513,0.0003288812085346743,0.146697961630678,0.15802325994377592
31,0.9238682050073025,0.0,0.0010998787335882115,120.18066691904598,2,1,0.21525838483887155,0.0006198998677224926,0.036647326909736044,0.18850903588476237
32,0.9230224549888867,0.0,0.0002686391753563501,116.29166639675343,4,4,0.09678789717306815,1.3079931915544414e-05,0.06346293948417935,0.1233984394416709
33,0.9203704205379376,0.0,0.00045679613923184647,82.499096174854,3,1,0.1675289144355424,2.1937439549398588e-05,0.18577282249159147,0.19526528492509876
34,0.9203369314762229,0.0,0.0005117430300313625,188.24934712254762,2,4,0.20567669941475236,2.4506281377201807e-05,0.09867699070813649,0.0609509414468072
35,0.9190676657952084,0.0,0.00037401795710592206,182.37547895193947,2,1,0.16103960846536494,0.00018533191931652084,0.030120506712643123,0.08508489926597816
36,0.9184100609545491,0.0,0.0004940144008352761,139.63718290962134,2,1,0.2417118426482891,9.217366875216192e-05,0.15871969317755438,0.07068249998060964
37,0.9118489903079728,0.0,0.00020350682753671442,151.4302660150342,4,3,0.24350194648684204,4.483846290786351e-05,0.08038734414662509,0.167388952818952
38,0.9057589710097418,0.0,0.00023930001077504737,80.62995268294037,3,2,0.09538186981017682,0.00021858884200540868,0.09305886458574283,0.2581695490144594
39,0.9056910219581922,0.0,0.0009404087507079719,126.81049527737868,2,4,0.16434561047521506,8.850724084484438e-05,0.060725375987459786,0.13289224933563804
40,0.9052906494019307,0.0,0.000190329000622386,89.58824991681387,4,1,0.20738487550042767,0.0002136494175503609,0.14398142193900368,0.24518225775549196
41,0.9028598512690924,0.0,0.000176810318836683,182.72800652883296,1,2,0.11018973835618795,9.487856132145962e-05,0.13594420042508068,0.2889058142617425
42,0.8954102063072639,0.0,0.0001939969960325716,65.7838448266498,1,1,0.0763644435573042,0.00022662997309479919,0.03314817587942091,0.17658248290515827
43,0.8943390020043142,0.0,0.00016487373721882164,150.0467319090959,1,2,0.18188452693838036,0.0002844390559641479,0.15604302346435484,0.07693523648897414
44,0.8898480694861105,0.0,0.0001721915376473834,187.12290106233786,2,4,0.18994142676214992,3.402043974160321e-05,0.19414351169606756,0.24468772599144867
45,0.8863882705898362,0.0,0.00012297624805089323,119.69242368038886,4,4,0.2283354532509828,0.00031420713222214127,0.17925057326691973,0.2733616599244658
46,0.8797521042240724,0.0,0.00011102586009934677,75.52612617928214,4,3,0.14237544605027747,2.1015685377233003e-05,0.10519850726963907,0.08807802567829211
47,0.8584564751387331,0.0,0.00010856093321249967,77.97043158601407,2,4,0.20936341766503236,2.919318530128879e-05,0.11084622221382016,0.20150395517500275
48,0.6877211527546254,0.0,0.003368700358597753,139.60621497069596,4,3,0.1155390449025088,0.000302868657743539,0.10515470512742547,0.06074919370782979
49,0.4258789971439443,0.0,0.0037336070725030326,80.39854498246987,4,2,0.12415960484651625,0.0007137234690401973,0.13233437281532626,0.2556904033177075
