Site,Latitude,Longitude,target,seasonal_naive,harmonic_regression,last_slope_hold
Bedrock,66.254,-150.71099999999998,soil_temperature_0_to_7cm,6.047659367156792,4.909917342115804,13.022900308084068
Bedrock,66.254,-150.71099999999998,soil_moisture_0_to_7cm,0.05628050140570322,0.045755093922449495,0.09897765411323872
Bedrock,66.254,-150.62099999999998,soil_temperature_0_to_7cm,4.199901298973317,4.226938586559807,21.66842214160093
Bedrock,66.254,-150.62099999999998,soil_moisture_0_to_7cm,0.05159074543562073,0.04090403593815832,0.18599855583044908
Bedrock,66.254,-150.53099999999998,soil_temperature_0_to_7cm,5.577345989636997,5.017053265095634,11.338170694216233
Bedrock,66.254,-150.53099999999998,soil_moisture_0_to_7cm,0.05414189324821778,0.04170485534682367,0.10614814975537594
Bedrock,66.254,-150.44099999999997,soil_temperature_0_to_7cm,5.339122540859935,4.692891811772751,10.12654607265828
Bedrock,66.254,-150.44099999999997,soil_moisture_0_to_7cm,0.06516885512986757,0.04983666284341415,0.212457427938009
Bedrock,66.254,-150.351,soil_temperature_0_to_7cm,4.5925602119188405,4.09603211932399,11.808353682027311
Bedrock,66.254,-150.351,soil_moisture_0_to_7cm,0.05294178753647745,0.05345449716848106,0.05112079216138117
Bedrock,66.254,-150.261,soil_temperature_0_to_7cm,4.871421157001658,4.383479948223292,12.60470751232424
Bedrock,66.254,-150.261,soil_moisture_0_to_7cm,0.05640965662247014,0.047928343586509506,0.06418216962509694
Bedrock,66.254,-150.171,soil_temperature_0_to_7cm,4.988340386267632,4.733178217413588,14.56427771188438
Bedrock,66.254,-150.171,soil_moisture_0_to_7cm,0.06364648767866352,0.052398898661168036,0.21534284175154153
Bedrock,66.254,-150.081,soil_temperature_0_to_7cm,3.7417948664340237,3.3898766608035977,13.83167787963242
Bedrock,66.254,-150.081,soil_moisture_0_to_7cm,0.04854555801611784,0.048361307322433204,0.1914698950157176
Bedrock,66.34400000000001,-150.71099999999998,soil_temperature_0_to_7cm,6.047659367156792,4.909917342115804,13.022900308084068
Bedrock,66.34400000000001,-150.71099999999998,soil_moisture_0_to_7cm,0.05628050140570322,0.045755093922449495,0.09897765411323872
Bedrock,66.34400000000001,-150.62099999999998,soil_temperature_0_to_7cm,5.97499794864488,4.402158215873001,31.152222332620006
Bedrock,66.34400000000001,-150.62099999999998,soil_moisture_0_to_7cm,0.05393908858100883,0.0458198332371148,0.06735865875501298
Bedrock,66.34400000000001,-150.53099999999998,soil_temperature_0_to_7cm,5.577345989636997,5.017053265095634,11.338170694216233
Bedrock,66.34400000000001,-150.53099999999998,soil_moisture_0_to_7cm,0.05414189324821778,0.04170485534682367,0.10614814975537594
Bedrock,66.34400000000001,-150.44099999999997,soil_temperature_0_to_7cm,5.339122587271416,4.692891831936483,10.12654624016673
Bedrock,66.34400000000001,-150.44099999999997,soil_moisture_0_to_7cm,0.06516885512986757,0.04983666284341415,0.212457427938009
Bedrock,66.34400000000001,-150.351,soil_temperature_0_to_7cm,5.354816806238907,4.3789186172185275,29.61179148203725
Bedrock,66.34400000000001,-150.351,soil_moisture_0_to_7cm,0.05248357131832955,0.044254654539338585,0.13373155903974562
Bedrock,66.34400000000001,-150.261,soil_temperature_0_to_7cm,4.988340366868028,4.733178200934674,14.564277683850186
Bedrock,66.34400000000001,-150.261,soil_moisture_0_to_7cm,0.06364648767866352,0.052398898661168036,0.21534284175154153
Bedrock,66.34400000000001,-150.171,soil_temperature_0_to_7cm,4.988340366868028,4.733178200934674,14.564277683850186
Bedrock,66.34400000000001,-150.171,soil_moisture_0_to_7cm,0.06364648767866352,0.052398898661168036,0.21534284175154153
Bedrock,66.34400000000001,-150.081,soil_temperature_0_to_7cm,4.434591426451501,4.223574743488326,9.064419388978129
Bedrock,66.34400000000001,-150.081,soil_moisture_0_to_7cm,0.0622413421764229,0.052966678821236714,0.1485883809390357
Bedrock,66.434,-150.71099999999998,soil_temperature_0_to_7cm,5.974997910284375,4.402158209847976,31.152221547615625
Bedrock,66.434,-150.71099999999998,soil_moisture_0_to_7cm,0.05393908858100883,0.0458198332371148,0.06735865875501298
Bedrock,66.434,-150.62099999999998,soil_temperature_0_to_7cm,5.974997926408571,4.4021582223622975,31.15222178915933
Bedrock,66.434,-150.62099999999998,soil_moisture_0_to_7cm,0.05393908858100883,0.0458198332371148,0.06735865875501298
Bedrock,66.434,-150.53099999999998,soil_temperature_0_to_7cm,5.862894663306441,4.399172940904472,32.299583687961054
Bedrock,66.434,-150.53099999999998,soil_moisture_0_to_7cm,0.05337230393256289,0.03898957297527742,0.1856744145462522
Bedrock,66.434,-150.44099999999997,soil_temperature_0_to_7cm,5.862894691097294,4.3991729703886975,32.299583772198346
Bedrock,66.434,-150.44099999999997,soil_moisture_0_to_7cm,0.05337230393256289,0.03898957297527742,0.1856744145462522
Bedrock,66.434,-150.351,soil_temperature_0_to_7cm,5.354816806238907,4.3789186172185275,29.61179148203725
Bedrock,66.434,-150.351,soil_moisture_0_to_7cm,0.05248357131832955,0.044254654539338585,0.13373155903974562
Bedrock,66.434,-150.261,soil_temperature_0_to_7cm,4.777519708207152,3.7547388508473536,25.449609849004116
Bedrock,66.434,-150.261,soil_moisture_0_to_7cm,0.04924727812295779,0.03406586948448693,0.20173009570915834
Bedrock,66.434,-150.171,soil_temperature_0_to_7cm,4.434591443314321,4.223574742999173,9.06441924136626
Bedrock,66.434,-150.171,soil_moisture_0_to_7cm,0.0622413421764229,0.052966678821236714,0.1485883809390357
Bedrock,66.434,-150.081,soil_temperature_0_to_7cm,3.7852307296930294,3.974315013434832,16.049318789132986
Bedrock,66.434,-150.081,soil_moisture_0_to_7cm,0.04960844936650508,0.04295440333982377,0.1055930189040609
Bedrock,66.524,-150.71099999999998,soil_temperature_0_to_7cm,5.113301230053744,4.408984609044301,10.213714894555169
Bedrock,66.524,-150.71099999999998,soil_moisture_0_to_7cm,0.05512656705068685,0.04593980319872815,0.12070465077968259
Bedrock,66.524,-150.62099999999998,soil_temperature_0_to_7cm,6.10294129021038,5.3125015633883566,14.248962506081092
Bedrock,66.524,-150.62099999999998,soil_moisture_0_to_7cm,0.06664163137322265,0.06137325036224317,0.059330658721022764
Bedrock,66.524,-150.53099999999998,soil_temperature_0_to_7cm,5.8628946753307565,4.399172960747661,32.29958359062255
Bedrock,66.524,-150.53099999999998,soil_moisture_0_to_7cm,0.05337230393256289,0.03898957297527742,0.1856744145462522
Bedrock,66.524,-150.44099999999997,soil_temperature_0_to_7cm,4.323784513525147,3.681313170938243,12.76687343337932
Bedrock,66.524,-150.44099999999997,soil_moisture_0_to_7cm,0.044362426721322346,0.03307119641147682,0.1556725147056434
Bedrock,66.524,-150.351,soil_temperature_0_to_7cm,4.5744413914149655,3.901029768475849,13.506258104805365
Bedrock,66.524,-150.351,soil_moisture_0_to_7cm,0.04586278896151605,0.03924720464580254,0.08349555116810436
Bedrock,66.524,-150.261,soil_temperature_0_to_7cm,3.7300846640275243,3.8923142437338973,19.89090054035351
Bedrock,66.524,-150.261,soil_moisture_0_to_7cm,0.04124621688621866,0.03370672675035569,0.16152584554689764
Bedrock,66.524,-150.171,soil_temperature_0_to_7cm,3.730084647014901,3.8923142369074832,19.89090092790775
Bedrock,66.524,-150.171,soil_moisture_0_to_7cm,0.04124621688621866,0.03370672675035569,0.16152584554689764
Bedrock,66.524,-150.081,soil_temperature_0_to_7cm,3.714772314738964,3.964017665722379,21.18414974056812
Bedrock,66.524,-150.081,soil_moisture_0_to_7cm,0.03824466280129673,0.03179781981039356,0.12758146625846517
Bedrock,66.614,-150.71099999999998,soil_temperature_0_to_7cm,5.1133011960293855,4.408984608042069,10.213714633241091
Bedrock,66.614,-150.71099999999998,soil_moisture_0_to_7cm,0.05512656705068685,0.04593980319872815,0.12070465077968259
Bedrock,66.614,-150.62099999999998,soil_temperature_0_to_7cm,6.10294129021038,5.3125015633883566,14.248962506081092
Bedrock,66.614,-150.62099999999998,soil_moisture_0_to_7cm,0.06664163137322265,0.06137325036224317,0.059330658721022764
Bedrock,66.614,-150.53099999999998,soil_temperature_0_to_7cm,6.011507069140929,4.951346979235204,20.874943344525043
Bedrock,66.614,-150.53099999999998,soil_moisture_0_to_7cm,0.05351027861160247,0.049032403296151,0.05358248975386692
Bedrock,66.614,-150.44099999999997,soil_temperature_0_to_7cm,4.323784484004097,3.6813131603702054,12.76687303779438
Bedrock,66.614,-150.44099999999997,soil_moisture_0_to_7cm,0.044362426721322346,0.03307119641147682,0.1556725147056434
Bedrock,66.614,-150.351,soil_temperature_0_to_7cm,4.5744413620819,3.901029765009088,13.506257344725844
Bedrock,66.614,-150.351,soil_moisture_0_to_7cm,0.04586278896151605,0.03924720464580254,0.08349555116810436
Bedrock,66.614,-150.261,soil_temperature_0_to_7cm,5.482541813505168,4.39545456755629,22.618258911932653
Bedrock,66.614,-150.261,soil_moisture_0_to_7cm,0.03720612943438699,0.029655199506837756,0.0965599900858514
Bedrock,66.614,-150.171,soil_temperature_0_to_7cm,3.7300846521618753,3.8923142407163347,19.890900885600956
Bedrock,66.614,-150.171,soil_moisture_0_to_7cm,0.04124621688621866,0.03370672675035569,0.16152584554689764
Bedrock,66.614,-150.081,soil_temperature_0_to_7cm,3.714772305090944,3.964017651207731,21.184149691546832
Bedrock,66.614,-150.081,soil_moisture_0_to_7cm,0.03824466280129673,0.03179781981039356,0.12758146625846517
Bedrock,66.70400000000001,-150.71099999999998,soil_temperature_0_to_7cm,5.537015092172309,5.121474933598245,12.842184155819005
Bedrock,66.70400000000001,-150.71099999999998,soil_moisture_0_to_7cm,0.04764294893017935,0.038490751889113495,0.056946903393517385
Bedrock,66.70400000000001,-150.62099999999998,soil_temperature_0_to_7cm,6.011507069140929,4.951346979235204,20.874943344525043
Bedrock,66.70400000000001,-150.62099999999998,soil_moisture_0_to_7cm,0.05351027861160247,0.049032403296151,0.05358248975386692
Bedrock,66.70400000000001,-150.53099999999998,soil_temperature_0_to_7cm,6.011507043578043,4.95134696449434,20.87494292097823
Bedrock,66.70400000000001,-150.53099999999998,soil_moisture_0_to_7cm,0.05351027861160247,0.049032403296151,0.05358248975386692
Bedrock,66.70400000000001,-150.44099999999997,soil_temperature_0_to_7cm,6.220487579335891,5.222148417467828,19.161058134609334
Bedrock,66.70400000000001,-150.44099999999997,soil_moisture_0_to_7cm,0.04828226065399234,0.04388073772412122,0.05085736848079685
Bedrock,66.70400000000001,-150.351,soil_temperature_0_to_7cm,5.482541813505168,4.39545456755629,22.618258911932653
Bedrock,66.70400000000001,-150.351,soil_moisture_0_to_7cm,0.03720612943438699,0.029655199506837756,0.0965599900858514
Bedrock,66.70400000000001,-150.261,soil_temperature_0_to_7cm,5.482541746756056,4.39545454853899,22.61825777963271
Bedrock,66.70400000000001,-150.261,soil_moisture_0_to_7cm,0.03720612943438699,0.029655199506837756,0.0965599900858514
Bedrock,66.70400000000001,-150.171,soil_temperature_0_to_7cm,4.969008114326717,3.965615543830847,12.754704463601039
Bedrock,66.70400000000001,-150.171,soil_moisture_0_to_7cm,0.03299416882149689,0.02058016554090391,0.16475609084721174
Bedrock,66.70400000000001,-150.081,soil_temperature_0_to_7cm,4.96900816304646,3.9656155449393364,12.754705378634299
Bedrock,66.70400000000001,-150.081,soil_moisture_0_to_7cm,0.03299416882149689,0.02058016554090391,0.16475609084721174
Bedrock,66.794,-150.71099999999998,soil_temperature_0_to_7cm,5.537015092172309,5.121474933598245,12.842184155819005
Bedrock,66.794,-150.71099999999998,soil_moisture_0_to_7cm,0.04764294893017935,0.038490751889113495,0.056946903393517385
Bedrock,66.794,-150.62099999999998,soil_temperature_0_to_7cm,5.837835586641268,5.409284530651571,13.039652685512857
Bedrock,66.794,-150.62099999999998,soil_moisture_0_to_7cm,0.046926052912895574,0.03868709239927838,0.061848041604084886
Bedrock,66.794,-150.53099999999998,soil_temperature_0_to_7cm,5.8378356000493765,5.409284542266867,13.039652865108838
Bedrock,66.794,-150.53099999999998,soil_moisture_0_to_7cm,0.046926052912895574,0.03868709239927838,0.061848041604084886
Bedrock,66.794,-150.44099999999997,soil_temperature_0_to_7cm,6.220487546104459,5.222148409682584,19.16105735346725
Bedrock,66.794,-150.44099999999997,soil_moisture_0_to_7cm,0.04828226065399234,0.04388073772412122,0.05085736848079685
Bedrock,66.794,-150.351,soil_temperature_0_to_7cm,3.72094377999726,3.4072627793123633,9.907320386420855
Bedrock,66.794,-150.351,soil_moisture_0_to_7cm,0.03932459098676295,0.03237120921648121,0.03545257550323426
Bedrock,66.794,-150.261,soil_temperature_0_to_7cm,4.969008114326717,3.965615543830847,12.754704463601039
Bedrock,66.794,-150.261,soil_moisture_0_to_7cm,0.03299416882149689,0.02058016554090391,0.16475609084721174
Bedrock,66.794,-150.171,soil_temperature_0_to_7cm,4.969008114326717,3.965615543830847,12.754704463601039
Bedrock,66.794,-150.171,soil_moisture_0_to_7cm,0.03299416882149689,0.02058016554090391,0.16475609084721174
Bedrock,66.794,-150.081,soil_temperature_0_to_7cm,4.803834403961712,4.094898090757198,9.199478647038102
Bedrock,66.794,-150.081,soil_moisture_0_to_7cm,0.030519982320371338,0.0181070529180517,0.17859831326912265
Bedrock,66.884,-150.71099999999998,soil_temperature_0_to_7cm,5.945528263012109,5.6709848356624,14.205349852544185
Bedrock,66.884,-150.71099999999998,soil_moisture_0_to_7cm,0.04955455463019082,0.0410600436524524,0.0411486516636599
Bedrock,66.884,-150.62099999999998,soil_temperature_0_to_7cm,5.837835586641268,5.409284530651571,13.039652685512857
Bedrock,66.884,-150.62099999999998,soil_moisture_0_to_7cm,0.046926052912895574,0.03868709239927838,0.061848041604084886
Bedrock,66.884,-150.53099999999998,soil_temperature_0_to_7cm,6.429143622368083,5.179133634067878,19.03473972940794
Bedrock,66.884,-150.53099999999998,soil_moisture_0_to_7cm,0.05438071861799994,0.04003534365154692,0.0697905141004279
Bedrock,66.884,-150.44099999999997,soil_temperature_0_to_7cm,6.876763409722958,5.583871869462104,24.94491210483282
Bedrock,66.884,-150.44099999999997,soil_moisture_0_to_7cm,0.05188985985929716,0.04394492751305946,0.04756677359683237
Bedrock,66.884,-150.351,soil_temperature_0_to_7cm,6.74481672096032,5.119728115704223,31.951461926590493
Bedrock,66.884,-150.351,soil_moisture_0_to_7cm,0.03628742777144656,0.028178597464330934,0.03199102824146546
Bedrock,66.884,-150.261,soil_temperature_0_to_7cm,6.744816747518815,5.119728127299505,31.951462150699548
Bedrock,66.884,-150.261,soil_moisture_0_to_7cm,0.03628742777144656,0.028178597464330934,0.03199102824146546
Bedrock,66.884,-150.171,soil_temperature_0_to_7cm,6.939849249450354,5.5953118581152825,26.99370297307359
Bedrock,66.884,-150.171,soil_moisture_0_to_7cm,0.04906343648043582,0.041000192700812114,0.060482248940584585
Bedrock,66.884,-150.081,soil_temperature_0_to_7cm,4.803834405093441,4.094898097987151,9.199478687679603
Bedrock,66.884,-150.081,soil_moisture_0_to_7cm,0.030519982320371338,0.0181070529180517,0.17859831326912265
Transition,67.08500000000001,-151.274,soil_temperature_0_to_7cm,4.68838503901057,4.358269770730526,11.879875418429284
Transition,67.08500000000001,-151.274,soil_moisture_0_to_7cm,0.05158849855222093,0.042730404440691094,0.10444863494776109
Transition,67.08500000000001,-151.184,soil_temperature_0_to_7cm,4.888683756012984,4.514924735071113,16.336113048668288
Transition,67.08500000000001,-151.184,soil_moisture_0_to_7cm,0.05032125250169367,0.042155917810010504,0.05366942073362268
Transition,67.08500000000001,-151.094,soil_temperature_0_to_7cm,4.621700974142531,4.411540284367036,22.383587865214942
Transition,67.08500000000001,-151.094,soil_moisture_0_to_7cm,0.04420254527639745,0.03519733358653179,0.03596169783856374
Transition,67.08500000000001,-151.004,soil_temperature_0_to_7cm,4.6217009638572195,4.411540269270928,22.383587962044768
Transition,67.08500000000001,-151.004,soil_moisture_0_to_7cm,0.04420254527639745,0.03519733358653179,0.03596169783856374
Transition,67.08500000000001,-150.91400000000002,soil_temperature_0_to_7cm,4.740995591787129,4.393087174176874,12.529517016348208
Transition,67.08500000000001,-150.91400000000002,soil_moisture_0_to_7cm,0.04114571558226921,0.03354084658526697,0.052141155762714005
Transition,67.08500000000001,-150.824,soil_temperature_0_to_7cm,4.80939232661586,4.382224672579035,15.218669845542635
Transition,67.08500000000001,-150.824,soil_moisture_0_to_7cm,0.04579704060437101,0.0394249188500638,0.034326056735161405
Transition,67.08500000000001,-150.734,soil_temperature_0_to_7cm,4.80939232661586,4.382224672579035,15.218669845542635
Transition,67.08500000000001,-150.734,soil_moisture_0_to_7cm,0.04579704060437101,0.0394249188500638,0.034326056735161405
Transition,67.08500000000001,-150.644,soil_temperature_0_to_7cm,5.4638767351199995,5.169899638405556,14.525759650901493
Transition,67.08500000000001,-150.644,soil_moisture_0_to_7cm,0.04127292530020925,0.03595524608009513,0.052460183777335474
Transition,67.17500000000001,-151.274,soil_temperature_0_to_7cm,4.68838503901057,4.358269770730526,11.879875418429284
Transition,67.17500000000001,-151.274,soil_moisture_0_to_7cm,0.05158849855222093,0.042730404440691094,0.10444863494776109
Transition,67.17500000000001,-151.184,soil_temperature_0_to_7cm,4.234215433624136,3.938862657576056,10.51925329787384
Transition,67.17500000000001,-151.184,soil_moisture_0_to_7cm,0.04404612924001255,0.03765769013529709,0.062145618106556035
Transition,67.17500000000001,-151.094,soil_temperature_0_to_7cm,5.200884807231235,4.939242529483438,14.182149869462606
Transition,67.17500000000001,-151.094,soil_moisture_0_to_7cm,0.046813725456106244,0.04027027616108083,0.10428907234855661
Transition,67.17500000000001,-151.004,soil_temperature_0_to_7cm,5.200884797021894,4.939242514710722,14.182150286285221
Transition,67.17500000000001,-151.004,soil_moisture_0_to_7cm,0.046813725456106244,0.04027027616108083,0.10428907234855661
Transition,67.17500000000001,-150.91400000000002,soil_temperature_0_to_7cm,5.200884777049857,4.939242501205958,14.182149688495704
Transition,67.17500000000001,-150.91400000000002,soil_moisture_0_to_7cm,0.046813725456106244,0.04027027616108083,0.10428907234855661
Transition,67.17500000000001,-150.824,soil_temperature_0_to_7cm,4.80939232661586,4.382224672579035,15.218669845542635
Transition,67.17500000000001,-150.824,soil_moisture_0_to_7cm,0.04579704060437101,0.0394249188500638,0.034326056735161405
Transition,67.17500000000001,-150.734,soil_temperature_0_to_7cm,5.562507734882786,5.261893579978218,15.59067666730918
Transition,67.17500000000001,-150.734,soil_moisture_0_to_7cm,0.05268673660460843,0.047506591406255516,0.09484612133712673
Transition,67.17500000000001,-150.644,soil_temperature_0_to_7cm,5.562507763601232,5.261893594895084,15.590676825196168
Transition,67.17500000000001,-150.644,soil_moisture_0_to_7cm,0.05268673660460843,0.047506591406255516,0.09484612133712673
Transition,67.265,-151.274,soil_temperature_0_to_7cm,4.234215457710242,3.938862669092073,10.519252907117348
Transition,67.265,-151.274,soil_moisture_0_to_7cm,0.04404612924001255,0.03765769013529709,0.062145618106556035
Transition,67.265,-151.184,soil_temperature_0_to_7cm,4.234215413535145,3.9388626525288792,10.519253782460943
Transition,67.265,-151.184,soil_moisture_0_to_7cm,0.04404612924001255,0.03765769013529709,0.062145618106556035
Transition,67.265,-151.094,soil_temperature_0_to_7cm,3.199267052626565,3.016548487081172,7.511291380675872
Transition,67.265,-151.094,soil_moisture_0_to_7cm,0.04285009330533372,0.040459426556402465,0.20009148176756056
Transition,67.265,-151.004,soil_temperature_0_to_7cm,3.199267046159611,3.016548478376334,7.511291349490161
Transition,67.265,-151.004,soil_moisture_0_to_7cm,0.04285009330533372,0.040459426556402465,0.20009148176756056
Transition,67.265,-150.91400000000002,soil_temperature_0_to_7cm,5.0912356320658985,4.692554616068733,11.746764613753175
Transition,67.265,-150.91400000000002,soil_moisture_0_to_7cm,0.046317468967993596,0.03922155927641298,0.040604532758018785
Transition,67.265,-150.824,soil_temperature_0_to_7cm,2.575086245093217,2.743458792672613,14.146456247380444
Transition,67.265,-150.824,soil_moisture_0_to_7cm,0.037056407617428296,0.03739919521191475,0.1417113461356459
Transition,67.265,-150.734,soil_temperature_0_to_7cm,5.562507768384048,5.261893600723603,15.590676789637156
Transition,67.265,-150.734,soil_moisture_0_to_7cm,0.05268673660460843,0.047506591406255516,0.09484612133712673
Transition,67.265,-150.644,soil_temperature_0_to_7cm,4.86513089306806,4.6466820452152495,18.131371180595494
Transition,67.265,-150.644,soil_moisture_0_to_7cm,0.04679015152639968,0.041330264969387596,0.11817741343759898
Transition,67.355,-151.274,soil_temperature_0_to_7cm,3.676494471312418,3.675377940598365,14.66212473939783
Transition,67.355,-151.274,soil_moisture_0_to_7cm,0.04076260565678096,0.04123728113023678,0.035676039966268225
Transition,67.355,-151.184,soil_temperature_0_to_7cm,3.199267052626565,3.016548487081172,7.511291380675872
Transition,67.355,-151.184,soil_moisture_0_to_7cm,0.04285009330533372,0.040459426556402465,0.20009148176756056
Transition,67.355,-151.094,soil_temperature_0_to_7cm,3.199267052626565,3.016548487081172,7.511291380675872
Transition,67.355,-151.094,soil_moisture_0_to_7cm,0.04285009330533372,0.040459426556402465,0.20009148176756056
Transition,67.355,-151.004,soil_temperature_0_to_7cm,3.3860464444771834,3.447851445184671,12.891035670522689
Transition,67.355,-151.004,soil_moisture_0_to_7cm,0.044789861356948776,0.04149933509331408,0.12218445536990925
Transition,67.355,-150.91400000000002,soil_temperature_0_to_7cm,3.3860464174570986,3.447851425615232,12.891035888654416
Transition,67.355,-150.91400000000002,soil_moisture_0_to_7cm,0.044789861356948776,0.04149933509331408,0.12218445536990925
Transition,67.355,-150.824,soil_temperature_0_to_7cm,2.5750862433514077,2.74345879077985,14.146456250629488
Transition,67.355,-150.824,soil_moisture_0_to_7cm,0.037056407617428296,0.03739919521191475,0.1417113461356459
Transition,67.355,-150.734,soil_temperature_0_to_7cm,2.994759551817431,2.860098297263686,15.05626522183717
Transition,67.355,-150.734,soil_moisture_0_to_7cm,0.03911234581766071,0.03595453410757443,0.07031119568902483
Transition,67.355,-150.644,soil_temperature_0_to_7cm,4.723109354404663,4.451481308278543,14.982841673491288
Transition,67.355,-150.644,soil_moisture_0_to_7cm,0.057263993543757365,0.0461125034092582,0.20989182349541427
Transition,67.44500000000001,-151.274,soil_temperature_0_to_7cm,3.8918586176911396,4.0263962030536655,19.50098202957645
Transition,67.44500000000001,-151.274,soil_moisture_0_to_7cm,0.054197729308676154,0.04284371872519827,0.13786903995562447
Transition,67.44500000000001,-151.184,soil_temperature_0_to_7cm,3.8918586308297667,4.026396212364925,19.500981795169388
Transition,67.44500000000001,-151.184,soil_moisture_0_to_7cm,0.054197729308676154,0.04284371872519827,0.13786903995562447
Transition,67.44500000000001,-151.094,soil_temperature_0_to_7cm,3.3860464697145,3.447851443460867,12.89103458860997
Transition,67.44500000000001,-151.094,soil_moisture_0_to_7cm,0.044789861356948776,0.04149933509331408,0.12218445536990925
Transition,67.44500000000001,-151.004,soil_temperature_0_to_7cm,3.38604643349454,3.4478514306468786,12.891035416375644
Transition,67.44500000000001,-151.004,soil_moisture_0_to_7cm,0.044789861356948776,0.04149933509331408,0.12218445536990925
Transition,67.44500000000001,-150.91400000000002,soil_temperature_0_to_7cm,3.9787268107593623,4.069016098606238,18.994664307795492
Transition,67.44500000000001,-150.91400000000002,soil_moisture_0_to_7cm,0.051382021398897415,0.04712255406763451,0.06447717957658729
Transition,67.44500000000001,-150.824,soil_temperature_0_to_7cm,5.572877165498247,5.233454734366401,19.115657275090587
Transition,67.44500000000001,-150.824,soil_moisture_0_to_7cm,0.045322986373132965,0.04117973209119274,0.13378226842188903
Transition,67.44500000000001,-150.734,soil_temperature_0_to_7cm,4.723109393811,4.451481336509834,14.982841186592479
Transition,67.44500000000001,-150.734,soil_moisture_0_to_7cm,0.057263993543757365,0.0461125034092582,0.20989182349541427
Transition,67.44500000000001,-150.644,soil_temperature_0_to_7cm,4.723109402486752,4.451481343633906,14.982841063744733
Transition,67.44500000000001,-150.644,soil_moisture_0_to_7cm,0.057263993543757365,0.0461125034092582,0.20989182349541427
Transition,67.53500000000001,-151.274,soil_temperature_0_to_7cm,3.2497295140115927,3.740458153480285,17.9821456781174
Transition,67.53500000000001,-151.274,soil_moisture_0_to_7cm,0.05222248699398543,0.04203552253220683,0.13219113985469363
Transition,67.53500000000001,-151.184,soil_temperature_0_to_7cm,3.8918586573446947,4.026396239353988,19.50098151566092
Transition,67.53500000000001,-151.184,soil_moisture_0_to_7cm,0.054197729308676154,0.04284371872519827,0.13786903995562447
Transition,67.53500000000001,-151.094,soil_temperature_0_to_7cm,3.1551112884251564,4.00901720354118,26.832156040318363
Transition,67.53500000000001,-151.094,soil_moisture_0_to_7cm,0.042454942693081074,0.034842433651291485,0.13966373001364585
Transition,67.53500000000001,-151.004,soil_temperature_0_to_7cm,4.106434021425684,4.194994359440187,15.38229745636596
Transition,67.53500000000001,-151.004,soil_moisture_0_to_7cm,0.052083462265274015,0.047322297642630295,0.13860700492250438
Transition,67.53500000000001,-150.91400000000002,soil_temperature_0_to_7cm,3.978726879174037,4.06901613630688,18.994663030607505
Transition,67.53500000000001,-150.91400000000002,soil_moisture_0_to_7cm,0.051382021398897415,0.04712255406763451,0.06447717957658729
Transition,67.53500000000001,-150.824,soil_temperature_0_to_7cm,5.5728771655404765,5.233454730669584,19.115656871996073
Transition,67.53500000000001,-150.824,soil_moisture_0_to_7cm,0.045322986373132965,0.04117973209119274,0.13378226842188903
Transition,67.53500000000001,-150.734,soil_temperature_0_to_7cm,3.498405623843341,3.806543245098676,24.70217086497534
Transition,67.53500000000001,-150.734,soil_moisture_0_to_7cm,0.0366464999758822,0.02676741811049187,0.1512062257399693
Transition,67.53500000000001,-150.644,soil_temperature_0_to_7cm,4.723109403745622,4.451481342905562,14.982841129442049
Transition,67.53500000000001,-150.644,soil_moisture_0_to_7cm,0.057263993543757365,0.0461125034092582,0.20989182349541427
Transition,67.625,-151.274,soil_temperature_0_to_7cm,3.2497295312649723,3.7404581591382713,17.98214532724891
Transition,67.625,-151.274,soil_moisture_0_to_7cm,0.05222248699398543,0.04203552253220683,0.13219113985469363
Transition,67.625,-151.184,soil_temperature_0_to_7cm,3.824129222340063,4.068401105657842,23.83249765773318
Transition,67.625,-151.184,soil_moisture_0_to_7cm,0.04044215661280238,0.027217529289019875,0.18412747143460922
Transition,67.625,-151.094,soil_temperature_0_to_7cm,4.1064339799935095,4.194994329750004,15.382297905650544
Transition,67.625,-151.094,soil_moisture_0_to_7cm,0.052083462265274015,0.047322297642630295,0.13860700492250438
Transition,67.625,-151.004,soil_temperature_0_to_7cm,4.1064340627846185,4.194994392600742,15.382297079225701
Transition,67.625,-151.004,soil_moisture_0_to_7cm,0.052083462265274015,0.047322297642630295,0.13860700492250438
Transition,67.625,-150.91400000000002,soil_temperature_0_to_7cm,3.2433099004218278,3.741649034902692,20.65850028044702
Transition,67.625,-150.91400000000002,soil_moisture_0_to_7cm,0.046045858783976455,0.041227802291658754,0.1886862161545948
Transition,67.625,-150.824,soil_temperature_0_to_7cm,3.4984056046557157,3.8065432249860307,24.702171065532113
Transition,67.625,-150.824,soil_moisture_0_to_7cm,0.0366464999758822,0.02676741811049187,0.1512062257399693
Transition,67.625,-150.734,soil_temperature_0_to_7cm,3.4984056071312835,3.8065432269521895,24.70217137323937
Transition,67.625,-150.734,soil_moisture_0_to_7cm,0.0366464999758822,0.02676741811049187,0.1512062257399693
Transition,67.625,-150.644,soil_temperature_0_to_7cm,3.3607545963522822,3.7207873495811743,22.643760804929023
Transition,67.625,-150.644,soil_moisture_0_to_7cm,0.04363583396182674,0.03173920608956385,0.17474014665616852
Transition,67.715,-151.274,soil_temperature_0_to_7cm,2.3153332309943027,2.836191452454461,26.94616028593981
Transition,67.715,-151.274,soil_moisture_0_to_7cm,0.029430541303278747,0.017982191937559913,0.18465032767783365
Transition,67.715,-151.184,soil_temperature_0_to_7cm,3.539248824034577,3.957401770103111,21.589583006586416
Transition,67.715,-151.184,soil_moisture_0_to_7cm,0.04093242804579317,0.03051691739117725,0.21790343148380223
Transition,67.715,-151.094,soil_temperature_0_to_7cm,3.539248841783037,3.957401781081725,21.589582614004666
Transition,67.715,-151.094,soil_moisture_0_to_7cm,0.04093242804579317,0.03051691739117725,0.21790343148380223
Transition,67.715,-151.004,soil_temperature_0_to_7cm,3.2433099076719287,3.7416490374761397,20.65850026385029
Transition,67.715,-151.004,soil_moisture_0_to_7cm,0.046045858783976455,0.041227802291658754,0.1886862161545948
Transition,67.715,-150.91400000000002,soil_temperature_0_to_7cm,3.243309990758205,3.741649110132877,20.65849869801967
Transition,67.715,-150.91400000000002,soil_moisture_0_to_7cm,0.046045858783976455,0.041227802291658754,0.1886862161545948
Transition,67.715,-150.824,soil_temperature_0_to_7cm,3.3414380290729917,3.838987098429194,27.12602979635178
Transition,67.715,-150.824,soil_moisture_0_to_7cm,0.040151903355925014,0.026939814562083476,0.19548347921711381
Transition,67.715,-150.734,soil_temperature_0_to_7cm,2.689458902512316,3.532102862348948,30.24191974419578
Transition,67.715,-150.734,soil_moisture_0_to_7cm,0.02340800572396438,0.014257201472599937,0.07556400429407353
Transition,67.715,-150.644,soil_temperature_0_to_7cm,3.3607545970705957,3.7207873420308832,22.643760413922045
Transition,67.715,-150.644,soil_moisture_0_to_7cm,0.04363583396182674,0.03173920608956385,0.17474014665616852
Upland,68.46300000000001,-150.615,soil_temperature_0_to_7cm,4.270913340882279,4.4387455321524465,28.942929033900853
Upland,68.46300000000001,-150.615,soil_moisture_0_to_7cm,0.025530978957933024,0.03192967415794963,0.06666847907807004
Upland,68.46300000000001,-150.525,soil_temperature_0_to_7cm,2.258711978297664,2.7158395287394574,36.1511220239715
Upland,68.46300000000001,-150.525,soil_moisture_0_to_7cm,0.021159044952833505,0.0201652674599515,0.11399486982372681
Upland,68.46300000000001,-150.435,soil_temperature_0_to_7cm,2.830361316578709,3.154573743066612,35.16206033667317
Upland,68.46300000000001,-150.435,soil_moisture_0_to_7cm,0.02546766990860551,0.0229348810382965,0.04383189156913194
Upland,68.46300000000001,-150.345,soil_temperature_0_to_7cm,2.830361333331846,3.154573764599877,35.16206002072159
Upland,68.46300000000001,-150.345,soil_moisture_0_to_7cm,0.02546766990860551,0.0229348810382965,0.04383189156913194
Upland,68.46300000000001,-150.25500000000002,soil_temperature_0_to_7cm,2.289928445258915,2.727269623983689,37.62120675955208
Upland,68.46300000000001,-150.25500000000002,soil_moisture_0_to_7cm,0.019471513621154204,0.015159915971067316,0.07372857026948845
Upland,68.46300000000001,-150.16500000000002,soil_temperature_0_to_7cm,2.289928411238051,2.727269591147501,37.62120691912966
Upland,68.46300000000001,-150.16500000000002,soil_moisture_0_to_7cm,0.019471513621154204,0.015159915971067316,0.07372857026948845
Upland,68.46300000000001,-150.07500000000002,soil_temperature_0_to_7cm,3.6944423967816995,4.425905493383856,30.31654117118358
Upland,68.46300000000001,-150.07500000000002,soil_moisture_0_to_7cm,0.03088330444913657,0.03261888485548874,0.06148408844548815
Upland,68.46300000000001,-149.985,soil_temperature_0_to_7cm,3.694442364770624,4.425905451419205,30.31654070741731
Upland,68.46300000000001,-149.985,soil_moisture_0_to_7cm,0.03088330444913657,0.03261888485548874,0.06148408844548815
Upland,68.55300000000001,-150.615,soil_temperature_0_to_7cm,3.974984496765692,4.111423347174252,29.461305449724474
Upland,68.55300000000001,-150.615,soil_moisture_0_to_7cm,0.0239046038062856,0.025958083247254793,0.03595029502863637
Upland,68.55300000000001,-150.525,soil_temperature_0_to_7cm,3.974984496765692,4.111423347174252,29.461305449724474
Upland,68.55300000000001,-150.525,soil_moisture_0_to_7cm,0.0239046038062856,0.025958083247254793,0.03595029502863637
Upland,68.55300000000001,-150.435,soil_temperature_0_to_7cm,4.46516233748299,4.376273355677149,26.14196656684002
Upland,68.55300000000001,-150.435,soil_moisture_0_to_7cm,0.02783651742557337,0.0313983601855895,0.02135655642581209
Upland,68.55300000000001,-150.345,soil_temperature_0_to_7cm,3.325819546484614,3.612753713960286,37.1057620871788
Upland,68.55300000000001,-150.345,soil_moisture_0_to_7cm,0.021103206280528135,0.023481596493143193,0.026874410642414064
Upland,68.55300000000001,-150.25500000000002,soil_temperature_0_to_7cm,3.325819546484614,3.612753713960286,37.1057620871788
Upland,68.55300000000001,-150.25500000000002,soil_moisture_0_to_7cm,0.021103206280528135,0.023481596493143193,0.026874410642414064
Upland,68.55300000000001,-150.16500000000002,soil_temperature_0_to_7cm,3.6944424241098806,4.425905523780608,30.31654116828473
Upland,68.55300000000001,-150.16500000000002,soil_moisture_0_to_7cm,0.03088330444913657,0.03261888485548874,0.06148408844548815
Upland,68.55300000000001,-150.07500000000002,soil_temperature_0_to_7cm,3.6944423943927585,4.425905487460432,30.31654102343559
Upland,68.55300000000001,-150.07500000000002,soil_moisture_0_to_7cm,0.03088330444913657,0.03261888485548874,0.06148408844548815
Upland,68.55300000000001,-149.985,soil_temperature_0_to_7cm,4.323917861383604,5.203033094701997,34.764625323419075
Upland,68.55300000000001,-149.985,soil_moisture_0_to_7cm,0.03797741215859765,0.037462144114413565,0.03375163247583927
Upland,68.643,-150.615,soil_temperature_0_to_7cm,4.457837246737214,4.5113196578712875,30.19109782054824
Upland,68.643,-150.615,soil_moisture_0_to_7cm,0.028605051780103818,0.031102124649092306,0.029677810862908945
Upland,68.643,-150.525,soil_temperature_0_to_7cm,4.465162295666371,4.376273314541706,26.14196639698089
Upland,68.643,-150.525,soil_moisture_0_to_7cm,0.02783651742557337,0.0313983601855895,0.02135655642581209
Upland,68.643,-150.435,soil_temperature_0_to_7cm,4.4651622569383465,4.376273289124726,26.14196641262596
Upland,68.643,-150.435,soil_moisture_0_to_7cm,0.02783651742557337,0.0313983601855895,0.02135655642581209
Upland,68.643,-150.345,soil_temperature_0_to_7cm,3.325819546484614,3.612753713960286,37.1057620871788
Upland,68.643,-150.345,soil_moisture_0_to_7cm,0.021103206280528135,0.023481596493143193,0.026874410642414064
Upland,68.643,-150.25500000000002,soil_temperature_0_to_7cm,3.6147467506748425,3.846298108210074,33.99887135634997
Upland,68.643,-150.25500000000002,soil_moisture_0_to_7cm,0.024458014373534155,0.02436984262689037,0.029305232279959483
Upland,68.643,-150.16500000000002,soil_temperature_0_to_7cm,3.614746763603764,3.8462981043788984,33.99887076809838
Upland,68.643,-150.16500000000002,soil_moisture_0_to_7cm,0.024458014373534155,0.02436984262689037,0.029305232279959483
Upland,68.643,-150.07500000000002,soil_temperature_0_to_7cm,3.638510847292651,3.9811968154042545,35.569000505466825
Upland,68.643,-150.07500000000002,soil_moisture_0_to_7cm,0.025480687104191446,0.022834846150252476,0.019005674377669847
Upland,68.643,-149.985,soil_temperature_0_to_7cm,4.3239178553760675,5.2030330865619145,34.764625281499974
Upland,68.643,-149.985,soil_moisture_0_to_7cm,0.03797741215859765,0.037462144114413565,0.03375163247583927
Upland,68.733,-150.615,soil_temperature_0_to_7cm,4.157077523924851,4.509519200529844,25.054268852672777
Upland,68.733,-150.615,soil_moisture_0_to_7cm,0.047076236253657894,0.043116941110673,0.05322350060112376
Upland,68.733,-150.525,soil_temperature_0_to_7cm,4.157077523924851,4.509519200529844,25.054268852672777
Upland,68.733,-150.525,soil_moisture_0_to_7cm,0.047076236253657894,0.043116941110673,0.05322350060112376
Upland,68.733,-150.435,soil_temperature_0_to_7cm,4.623720724600782,4.607140673312511,29.624161996611107
Upland,68.733,-150.435,soil_moisture_0_to_7cm,0.02640865927381149,0.02686164553581809,0.07310912138055162
Upland,68.733,-150.345,soil_temperature_0_to_7cm,4.623720724600782,4.607140673312511,29.624161996611107
Upland,68.733,-150.345,soil_moisture_0_to_7cm,0.02640865927381149,0.02686164553581809,0.07310912138055162
Upland,68.733,-150.25500000000002,soil_temperature_0_to_7cm,4.573512739901569,4.659524315206446,28.307624388384884
Upland,68.733,-150.25500000000002,soil_moisture_0_to_7cm,0.03456732394916016,0.0315920015645539,0.07165407527721274
Upland,68.733,-150.16500000000002,soil_temperature_0_to_7cm,3.638510847292651,3.9811968154042545,35.569000505466825
Upland,68.733,-150.16500000000002,soil_moisture_0_to_7cm,0.025480687104191446,0.022834846150252476,0.019005674377669847
Upland,68.733,-150.07500000000002,soil_temperature_0_to_7cm,3.638510847292651,3.9811968154042545,35.569000505466825
Upland,68.733,-150.07500000000002,soil_moisture_0_to_7cm,0.025480687104191446,0.022834846150252476,0.019005674377669847
Upland,68.733,-149.985,soil_temperature_0_to_7cm,4.19187702159325,4.291711148311998,30.611898823307378
Upland,68.733,-149.985,soil_moisture_0_to_7cm,0.02564347714512616,0.023767907412832242,0.06673238315176984
Upland,68.82300000000001,-150.615,soil_temperature_0_to_7cm,4.157077523924851,4.509519200529844,25.054268852672777
Upland,68.82300000000001,-150.615,soil_moisture_0_to_7cm,0.047076236253657894,0.043116941110673,0.05322350060112376
Upland,68.82300000000001,-150.525,soil_temperature_0_to_7cm,4.036562698559129,4.28521762014868,22.28037991968593
Upland,68.82300000000001,-150.525,soil_moisture_0_to_7cm,0.03871432045506176,0.0340846873637499,0.20221270000167624
Upland,68.82300000000001,-150.435,soil_temperature_0_to_7cm,4.036562698559129,4.28521762014868,22.28037991968593
Upland,68.82300000000001,-150.435,soil_moisture_0_to_7cm,0.03871432045506176,0.0340846873637499,0.20221270000167624
Upland,68.82300000000001,-150.345,soil_temperature_0_to_7cm,4.573512739901569,4.659524315206446,28.307624388384884
Upland,68.82300000000001,-150.345,soil_moisture_0_to_7cm,0.03456732394916016,0.0315920015645539,0.07165407527721274
Upland,68.82300000000001,-150.25500000000002,soil_temperature_0_to_7cm,4.573512739901569,4.659524315206446,28.307624388384884
Upland,68.82300000000001,-150.25500000000002,soil_moisture_0_to_7cm,0.03456732394916016,0.0315920015645539,0.07165407527721274
Upland,68.82300000000001,-150.16500000000002,soil_temperature_0_to_7cm,3.903716838171015,4.244419134564164,25.95410818460014
Upland,68.82300000000001,-150.16500000000002,soil_moisture_0_to_7cm,0.03597622537469244,0.03441956557259375,0.14603542398625075
Upland,68.82300000000001,-150.07500000000002,soil_temperature_0_to_7cm,4.19187702159325,4.291711148311998,30.611898823307378
Upland,68.82300000000001,-150.07500000000002,soil_moisture_0_to_7cm,0.02564347714512616,0.023767907412832242,0.06673238315176984
Upland,68.82300000000001,-149.985,soil_temperature_0_to_7cm,4.191876987686797,4.2917111156748184,30.611898544724518
Upland,68.82300000000001,-149.985,soil_moisture_0_to_7cm,0.02564347714512616,0.023767907412832242,0.06673238315176984
Upland,68.91300000000001,-150.615,soil_temperature_0_to_7cm,3.585291766015491,3.9820138719609552,23.361746684905093
Upland,68.91300000000001,-150.615,soil_moisture_0_to_7cm,0.06320733481766348,0.055675459782739786,0.12821760787453473
Upland,68.91300000000001,-150.525,soil_temperature_0_to_7cm,4.036562698559129,4.28521762014868,22.28037991968593
Upland,68.91300000000001,-150.525,soil_moisture_0_to_7cm,0.03871432045506176,0.0340846873637499,0.20221270000167624
Upland,68.91300000000001,-150.435,soil_temperature_0_to_7cm,3.553905670007515,4.0257167684265545,21.774777978093773
Upland,68.91300000000001,-150.435,soil_moisture_0_to_7cm,0.05158139701233672,0.04827819136557689,0.041269652983663356
Upland,68.91300000000001,-150.345,soil_temperature_0_to_7cm,3.553905670007515,4.0257167684265545,21.774777978093773
Upland,68.91300000000001,-150.345,soil_moisture_0_to_7cm,0.05158139701233672,0.04827819136557689,0.041269652983663356
Upland,68.91300000000001,-150.25500000000002,soil_temperature_0_to_7cm,3.9037168215283886,4.244419119898396,25.954108226999896
Upland,68.91300000000001,-150.25500000000002,soil_moisture_0_to_7cm,0.03597622537469244,0.03441956557259375,0.14603542398625075
Upland,68.91300000000001,-150.16500000000002,soil_temperature_0_to_7cm,3.9037168215283886,4.244419119898396,25.954108226999896
Upland,68.91300000000001,-150.16500000000002,soil_moisture_0_to_7cm,0.03597622537469244,0.03441956557259375,0.14603542398625075
Upland,68.91300000000001,-150.07500000000002,soil_temperature_0_to_7cm,3.7309086342978803,4.122472415130162,28.13455330688087
Upland,68.91300000000001,-150.07500000000002,soil_moisture_0_to_7cm,0.06534205792530894,0.05569968067113792,0.2547202966874078
Upland,68.91300000000001,-149.985,soil_temperature_0_to_7cm,4.059835191175405,4.3210891040415795,27.200311751441696
Upland,68.91300000000001,-149.985,soil_moisture_0_to_7cm,0.03598811350025474,0.03551187658391043,0.13872808354003738
Upland,69.003,-150.615,soil_temperature_0_to_7cm,3.43880159842791,3.9835193457311697,27.25187353525042
Upland,69.003,-150.615,soil_moisture_0_to_7cm,0.06079272164252754,0.053431509187896443,0.04590814887521431
Upland,69.003,-150.525,soil_temperature_0_to_7cm,3.43880159842791,3.9835193457311697,27.25187353525042
Upland,69.003,-150.525,soil_moisture_0_to_7cm,0.06079272164252754,0.053431509187896443,0.04590814887521431
Upland,69.003,-150.435,soil_temperature_0_to_7cm,3.553905670007515,4.0257167684265545,21.774777978093773
Upland,69.003,-150.435,soil_moisture_0_to_7cm,0.05158139701233672,0.04827819136557689,0.041269652983663356
Upland,69.003,-150.345,soil_temperature_0_to_7cm,3.6277450153028425,4.1638017766092075,25.00023550458099
Upland,69.003,-150.345,soil_moisture_0_to_7cm,0.06445636616084628,0.056722201666059555,0.14236863447981873
Upland,69.003,-150.25500000000002,soil_temperature_0_to_7cm,3.6277450153028425,4.1638017766092075,25.00023550458099
Upland,69.003,-150.25500000000002,soil_moisture_0_to_7cm,0.06445636616084628,0.056722201666059555,0.14236863447981873
Upland,69.003,-150.16500000000002,soil_temperature_0_to_7cm,3.842545738029257,4.322113061572626,24.801775854958933
Upland,69.003,-150.16500000000002,soil_moisture_0_to_7cm,0.08416655577622187,0.07053060712452752,0.32280285233446065
Upland,69.003,-150.07500000000002,soil_temperature_0_to_7cm,3.7424004940546443,4.3226295712613405,31.464970497177998
Upland,69.003,-150.07500000000002,soil_moisture_0_to_7cm,0.059666900603976766,0.0505102011403719,0.11449746873161419
Upland,69.003,-149.985,soil_temperature_0_to_7cm,3.7424004940546443,4.3226295712613405,31.464970497177998
Upland,69.003,-149.985,soil_moisture_0_to_7cm,0.059666900603976766,0.0505102011403719,0.11449746873161419
Upland,69.093,-150.615,soil_temperature_0_to_7cm,3.3343231948207266,4.220167955430501,33.855668077538134
Upland,69.093,-150.615,soil_moisture_0_to_7cm,0.06917079573357438,0.05678511029300397,0.04121005926970907
Upland,69.093,-150.525,soil_temperature_0_to_7cm,3.479350825438987,4.117968572789236,28.451942472739812
Upland,69.093,-150.525,soil_moisture_0_to_7cm,0.07873772511605769,0.06738822531969803,0.1944941939398372
Upland,69.093,-150.435,soil_temperature_0_to_7cm,3.5110685954698266,4.133338789144081,27.065953623394446
Upland,69.093,-150.435,soil_moisture_0_to_7cm,0.07817078751813497,0.06233517251300726,0.15758878026056036
Upland,69.093,-150.345,soil_temperature_0_to_7cm,3.5110685954698266,4.133338789144081,27.065953623394446
Upland,69.093,-150.345,soil_moisture_0_to_7cm,0.07817078751813497,0.06233517251300726,0.15758878026056036
Upland,69.093,-150.25500000000002,soil_temperature_0_to_7cm,3.842545738029257,4.322113061572626,24.801775854958933
Upland,69.093,-150.25500000000002,soil_moisture_0_to_7cm,0.08416655577622187,0.07053060712452752,0.32280285233446065
Upland,69.093,-150.16500000000002,soil_temperature_0_to_7cm,3.842545738029257,4.322113061572626,24.801775854958933
Upland,69.093,-150.16500000000002,soil_moisture_0_to_7cm,0.08416655577622187,0.07053060712452752,0.32280285233446065
Upland,69.093,-150.07500000000002,soil_temperature_0_to_7cm,3.674056462756013,4.2769987227533575,25.931286704442766
Upland,69.093,-150.07500000000002,soil_moisture_0_to_7cm,0.07381080906249307,0.06317343264797441,0.17780692343345905
Upland,69.093,-149.985,soil_temperature_0_to_7cm,3.8463690484193034,4.508856469411688,30.876599354228755
Upland,69.093,-149.985,soil_moisture_0_to_7cm,0.05398516486432706,0.049854023400396213,0.11913831097763361
Wetland,67.752,-149.725,soil_temperature_0_to_7cm,2.7283005718094953,3.3115234683813997,34.79553436571699
Wetland,67.752,-149.725,soil_moisture_0_to_7cm,0.035201108008055704,0.021021346240101324,0.15133514989348654
Wetland,67.752,-149.635,soil_temperature_0_to_7cm,2.728300534962215,3.31152338954056,34.79553330851491
Wetland,67.752,-149.635,soil_moisture_0_to_7cm,0.035201108008055704,0.021021346240101324,0.15133514989348654
Wetland,67.752,-149.545,soil_temperature_0_to_7cm,2.2727195280267156,2.8183589528765434,35.768697024038445
Wetland,67.752,-149.545,soil_moisture_0_to_7cm,0.026303389725851674,0.014407216753026926,0.11762892614891182
Wetland,67.752,-149.45499999999998,soil_temperature_0_to_7cm,2.101967677349137,2.3246874641212956,28.438498290602524
Wetland,67.752,-149.45499999999998,soil_moisture_0_to_7cm,0.021182953302374973,0.012755883651165112,0.16468447574712988
Wetland,67.752,-149.365,soil_temperature_0_to_7cm,2.386976116739211,3.1194145923014807,34.52450106711896
Wetland,67.752,-149.365,soil_moisture_0_to_7cm,0.045950697884572476,0.03756618850635176,0.06040238185499185
Wetland,67.752,-149.275,soil_temperature_0_to_7cm,2.3869760879523034,3.119414541505089,34.52450074727697
Wetland,67.752,-149.275,soil_moisture_0_to_7cm,0.045950697884572476,0.03756618850635176,0.06040238185499185
Wetland,67.752,-149.185,soil_temperature_0_to_7cm,2.780538611088178,3.5346612256043772,34.913196154830224
Wetland,67.752,-149.185,soil_moisture_0_to_7cm,0.03029978535677328,0.020889271885044056,0.09377404938644686
Wetland,67.752,-149.095,soil_temperature_0_to_7cm,2.8882271944020266,3.792844462989312,35.65902627380521
Wetland,67.752,-149.095,soil_moisture_0_to_7cm,0.027323752598105388,0.018692160890233806,0.031741343852641754
Wetland,67.842,-149.725,soil_temperature_0_to_7cm,2.8296513993032377,3.611018914605219,32.08652453903374
Wetland,67.842,-149.725,soil_moisture_0_to_7cm,0.04680478641376972,0.03576347956456756,0.12300791083333916
Wetland,67.842,-149.635,soil_temperature_0_to_7cm,2.272719517286626,2.8183589291249826,35.7686966656355
Wetland,67.842,-149.635,soil_moisture_0_to_7cm,0.026303389725851674,0.014407216753026926,0.11762892614891182
Wetland,67.842,-149.545,soil_temperature_0_to_7cm,3.1420022352540933,3.9362441454019157,31.00639802529809
Wetland,67.842,-149.545,soil_moisture_0_to_7cm,0.037631621459357605,0.03162583411166859,0.04860906811326096
Wetland,67.842,-149.45499999999998,soil_temperature_0_to_7cm,3.1420022037561917,3.936244101084046,31.006397841485153
Wetland,67.842,-149.45499999999998,soil_moisture_0_to_7cm,0.037631621459357605,0.03162583411166859,0.04860906811326096
Wetland,67.842,-149.365,soil_temperature_0_to_7cm,2.3869761173700033,3.1194145926903194,34.524501075543014
Wetland,67.842,-149.365,soil_moisture_0_to_7cm,0.045950697884572476,0.03756618850635176,0.06040238185499185
Wetland,67.842,-149.275,soil_temperature_0_to_7cm,2.543863651725752,3.471219709329149,37.74373752381078
Wetland,67.842,-149.275,soil_moisture_0_to_7cm,0.04610334157087529,0.035724435312035854,0.06858946347100821
Wetland,67.842,-149.185,soil_temperature_0_to_7cm,2.543863593503877,3.4712196058161453,37.74373677353726
Wetland,67.842,-149.185,soil_moisture_0_to_7cm,0.04610334157087529,0.035724435312035854,0.06858946347100821
Wetland,67.842,-149.095,soil_temperature_0_to_7cm,2.8882272108661233,3.792844489171244,35.65902667714876
Wetland,67.842,-149.095,soil_moisture_0_to_7cm,0.027323752598105388,0.018692160890233806,0.031741343852641754
Wetland,67.93199999999999,-149.725,soil_temperature_0_to_7cm,3.0127733418488587,4.059598246817144,39.78141945553765
Wetland,67.93199999999999,-149.725,soil_moisture_0_to_7cm,0.04344483297823643,0.03498682452032723,0.0878323468982852
Wetland,67.93199999999999,-149.635,soil_temperature_0_to_7cm,3.0127733226390037,4.05959823896305,39.78141936531319
Wetland,67.93199999999999,-149.635,soil_moisture_0_to_7cm,0.04344483297823643,0.03498682452032723,0.0878323468982852
Wetland,67.93199999999999,-149.545,soil_temperature_0_to_7cm,3.142002326877984,3.93624425383339,31.00639808007937
Wetland,67.93199999999999,-149.545,soil_moisture_0_to_7cm,0.037631621459357605,0.03162583411166859,0.04860906811326096
Wetland,67.93199999999999,-149.45499999999998,soil_temperature_0_to_7cm,3.015315896575459,4.085650984503467,38.756638005608316
Wetland,67.93199999999999,-149.45499999999998,soil_moisture_0_to_7cm,0.036366820267878415,0.029457892712917134,0.03150222244441646
Wetland,67.93199999999999,-149.365,soil_temperature_0_to_7cm,3.015315908638004,4.085650986872221,38.756637560602854
Wetland,67.93199999999999,-149.365,soil_moisture_0_to_7cm,0.036366820267878415,0.029457892712917134,0.03150222244441646
Wetland,67.93199999999999,-149.275,soil_temperature_0_to_7cm,2.5438636484889345,3.471219708489941,37.74373757505755
Wetland,67.93199999999999,-149.275,soil_moisture_0_to_7cm,0.04610334157087529,0.035724435312035854,0.06858946347100821
Wetland,67.93199999999999,-149.185,soil_temperature_0_to_7cm,2.6410525042114754,3.462327255201704,46.21882687212479
Wetland,67.93199999999999,-149.185,soil_moisture_0_to_7cm,0.04010264051858193,0.02644124669652942,0.11873263002249212
Wetland,67.93199999999999,-149.095,soil_temperature_0_to_7cm,2.6410524838091987,3.4623272205566624,46.21882644596414
Wetland,67.93199999999999,-149.095,soil_moisture_0_to_7cm,0.04010264051858193,0.02644124669652942,0.11873263002249212
Wetland,68.02199999999999,-149.725,soil_temperature_0_to_7cm,3.012773331614177,4.059598219301526,39.78141914183065
Wetland,68.02199999999999,-149.725,soil_moisture_0_to_7cm,0.04344483297823643,0.03498682452032723,0.0878323468982852
Wetland,68.02199999999999,-149.635,soil_temperature_0_to_7cm,2.9710196335464087,4.1235038694638355,40.87808134180254
Wetland,68.02199999999999,-149.635,soil_moisture_0_to_7cm,0.03666381729661084,0.027831723102679447,0.02707063981915388
Wetland,68.02199999999999,-149.545,soil_temperature_0_to_7cm,2.97101967367511,4.123503960720859,40.87808241214756
Wetland,68.02199999999999,-149.545,soil_moisture_0_to_7cm,0.03666381729661084,0.027831723102679447,0.02707063981915388
Wetland,68.02199999999999,-149.45499999999998,soil_temperature_0_to_7cm,3.015315922843961,4.0856510135868325,38.756637650113994
Wetland,68.02199999999999,-149.45499999999998,soil_moisture_0_to_7cm,0.036366820267878415,0.029457892712917134,0.03150222244441646
Wetland,68.02199999999999,-149.365,soil_temperature_0_to_7cm,2.9674169910734527,4.071323288467929,45.85693340389899
Wetland,68.02199999999999,-149.365,soil_moisture_0_to_7cm,0.03799840814790947,0.029519117076613692,0.08000524279332663
Wetland,68.02199999999999,-149.275,soil_temperature_0_to_7cm,2.967416991532942,4.0713232895977995,45.85693340655719
Wetland,68.02199999999999,-149.275,soil_moisture_0_to_7cm,0.03799840814790947,0.029519117076613692,0.08000524279332663
Wetland,68.02199999999999,-149.185,soil_temperature_0_to_7cm,2.1474624991191433,2.969856784270462,41.41118933362178
Wetland,68.02199999999999,-149.185,soil_moisture_0_to_7cm,0.028615597510851472,0.01752956426091316,0.12856332431012915
Wetland,68.02199999999999,-149.095,soil_temperature_0_to_7cm,2.38543428339093,2.842953949465414,50.507636296589084
Wetland,68.02199999999999,-149.095,soil_moisture_0_to_7cm,0.020267418993929396,0.016414788495261137,0.13985111962954352
Wetland,68.112,-149.725,soil_temperature_0_to_7cm,1.7697385684823805,2.39607503340564,36.868987087904124
Wetland,68.112,-149.725,soil_moisture_0_to_7cm,0.029843446136703842,0.02399409337243749,0.07389126217179681
Wetland,68.112,-149.635,soil_temperature_0_to_7cm,1.7697385673116812,2.39607503182897,36.8689870921867
Wetland,68.112,-149.635,soil_moisture_0_to_7cm,0.029843446136703842,0.02399409337243749,0.07389126217179681
Wetland,68.112,-149.545,soil_temperature_0_to_7cm,2.1018436134411114,3.0954051033062417,48.08818663530243
Wetland,68.112,-149.545,soil_moisture_0_to_7cm,0.021312957897301803,0.010407171596881575,0.1138549046924209
Wetland,68.112,-149.45499999999998,soil_temperature_0_to_7cm,1.8635787404268556,2.679716020604737,31.77137482249173
Wetland,68.112,-149.45499999999998,soil_moisture_0_to_7cm,0.02867346478605895,0.02036472801429094,0.08531797564263521
Wetland,68.112,-149.365,soil_temperature_0_to_7cm,1.863578738998478,2.6797160205378763,31.771374820830406
Wetland,68.112,-149.365,soil_moisture_0_to_7cm,0.02867346478605895,0.02036472801429094,0.08531797564263521
Wetland,68.112,-149.275,soil_temperature_0_to_7cm,2.147462485372373,2.969856763993258,41.411188858779624
Wetland,68.112,-149.275,soil_moisture_0_to_7cm,0.028615597510851472,0.01752956426091316,0.12856332431012915
Wetland,68.112,-149.185,soil_temperature_0_to_7cm,2.1474624972179925,2.9698567824519766,41.41118934087739
Wetland,68.112,-149.185,soil_moisture_0_to_7cm,0.028615597510851472,0.01752956426091316,0.12856332431012915
Wetland,68.112,-149.095,soil_temperature_0_to_7cm,2.0624693718529383,2.999878151952099,37.9487965930222
Wetland,68.112,-149.095,soil_moisture_0_to_7cm,0.039340456686219966,0.03055318490917555,0.06270132656229867
Wetland,68.202,-149.725,soil_temperature_0_to_7cm,1.7697385684823805,2.39607503340564,36.868987087904124
Wetland,68.202,-149.725,soil_moisture_0_to_7cm,0.029843446136703842,0.02399409337243749,0.07389126217179681
Wetland,68.202,-149.635,soil_temperature_0_to_7cm,1.9185829849372344,2.2423861089587596,10.094718100698007
Wetland,68.202,-149.635,soil_moisture_0_to_7cm,0.015634201110828912,0.020186427816078704,0.18166429517066662
Wetland,68.202,-149.545,soil_temperature_0_to_7cm,1.9185829879257466,2.2423861358565755,10.094718241079505
Wetland,68.202,-149.545,soil_moisture_0_to_7cm,0.015634201110828912,0.020186427816078704,0.18166429517066662
Wetland,68.202,-149.45499999999998,soil_temperature_0_to_7cm,1.8635787409558353,2.6797160111210254,31.771374677843824
Wetland,68.202,-149.45499999999998,soil_moisture_0_to_7cm,0.02867346478605895,0.02036472801429094,0.08531797564263521
Wetland,68.202,-149.365,soil_temperature_0_to_7cm,2.1776292779586783,2.6005977508217017,6.191473059228176
Wetland,68.202,-149.365,soil_moisture_0_to_7cm,0.021837974727466562,0.023720253585587135,0.17006417718342506
Wetland,68.202,-149.275,soil_temperature_0_to_7cm,2.177629262967819,2.6005977259804594,6.191473078022938
Wetland,68.202,-149.275,soil_moisture_0_to_7cm,0.021837974727466562,0.023720253585587135,0.17006417718342506
Wetland,68.202,-149.185,soil_temperature_0_to_7cm,2.0624693775120075,2.999878183047361,37.94879688280357
Wetland,68.202,-149.185,soil_moisture_0_to_7cm,0.039340456686219966,0.03055318490917555,0.06270132656229867
Wetland,68.202,-149.095,soil_temperature_0_to_7cm,2.2630655136128404,2.9020026333859397,28.526928772330894
Wetland,68.202,-149.095,soil_moisture_0_to_7cm,0.03371766631360463,0.02888198585097982,0.038238038424880355
Wetland,68.29199999999999,-149.725,soil_temperature_0_to_7cm,2.0350667962006748,2.3736015319792565,39.035043290675695
Wetland,68.29199999999999,-149.725,soil_moisture_0_to_7cm,0.014793697135854201,0.012925925275932606,0.06528626713535625
Wetland,68.29199999999999,-149.635,soil_temperature_0_to_7cm,2.3440769602395437,3.1849614991189856,44.18921977889513
Wetland,68.29199999999999,-149.635,soil_moisture_0_to_7cm,0.023117328758743633,0.02050292235322373,0.0427988653190992
Wetland,68.29199999999999,-149.545,soil_temperature_0_to_7cm,1.8041230855575077,1.9757139445348637,19.88697265047944
Wetland,68.29199999999999,-149.545,soil_moisture_0_to_7cm,0.01733921815817854,0.0145193633990738,0.11849095229202207
Wetland,68.29199999999999,-149.45499999999998,soil_temperature_0_to_7cm,1.7883039381085508,2.078005455312391,36.49651285847116
Wetland,68.29199999999999,-149.45499999999998,soil_moisture_0_to_7cm,0.011219358756671285,0.008933111796925788,0.029563778576252087
Wetland,68.29199999999999,-149.365,soil_temperature_0_to_7cm,1.7883039661399416,2.078005446697683,36.49651376226804
Wetland,68.29199999999999,-149.365,soil_moisture_0_to_7cm,0.011219358756671285,0.008933111796925788,0.029563778576252087
Wetland,68.29199999999999,-149.275,soil_temperature_0_to_7cm,2.0913985842082075,2.648104056963093,41.359176633455334
Wetland,68.29199999999999,-149.275,soil_moisture_0_to_7cm,0.014102756122703142,0.009732563084802198,0.011794899871873842
Wetland,68.29199999999999,-149.185,soil_temperature_0_to_7cm,2.091398623415665,2.6481040623778025,41.35917864087038
Wetland,68.29199999999999,-149.185,soil_moisture_0_to_7cm,0.014102756122703142,0.009732563084802198,0.011794899871873842
Wetland,68.29199999999999,-149.095,soil_temperature_0_to_7cm,2.2630654933268595,2.902002590954922,28.526928528194567
Wetland,68.29199999999999,-149.095,soil_moisture_0_to_7cm,0.03371766631360463,0.02888198585097982,0.038238038424880355
Wetland,68.38199999999999,-149.725,soil_temperature_0_to_7cm,2.3440769696866566,3.184961504056063,44.18922026854837
Wetland,68.38199999999999,-149.725,soil_moisture_0_to_7cm,0.023117328758743633,0.02050292235322373,0.0427988653190992
Wetland,68.38199999999999,-149.635,soil_temperature_0_to_7cm,2.3440769415707603,3.184961462412834,44.18921853333392
Wetland,68.38199999999999,-149.635,soil_moisture_0_to_7cm,0.023117328758743633,0.02050292235322373,0.0427988653190992
Wetland,68.38199999999999,-149.545,soil_temperature_0_to_7cm,3.188263220775405,4.260538416282897,36.98424948642983
Wetland,68.38199999999999,-149.545,soil_moisture_0_to_7cm,0.03550139104768513,0.03486733032851125,0.0284095229284186
Wetland,68.38199999999999,-149.45499999999998,soil_temperature_0_to_7cm,1.7883038720848203,2.078005478452434,36.49651122680491
Wetland,68.38199999999999,-149.45499999999998,soil_moisture_0_to_7cm,0.011219358756671285,0.008933111796925788,0.029563778576252087
Wetland,68.38199999999999,-149.365,soil_temperature_0_to_7cm,3.0326356853201544,3.9823416195075128,33.06755786149537
Wetland,68.38199999999999,-149.365,soil_moisture_0_to_7cm,0.03566921570191334,0.03322283412586806,0.08839319772228438
Wetland,68.38199999999999,-149.275,soil_temperature_0_to_7cm,3.0326357236035446,3.982341691307968,33.06755857949992
Wetland,68.38199999999999,-149.275,soil_moisture_0_to_7cm,0.03566921570191334,0.03322283412586806,0.08839319772228438
Wetland,68.38199999999999,-149.185,soil_temperature_0_to_7cm,1.912810371156029,2.33191723900019,32.35252621868568
Wetland,68.38199999999999,-149.185,soil_moisture_0_to_7cm,0.012124216577540618,0.010573084509094357,0.028430915786947456
Wetland,68.38199999999999,-149.095,soil_temperature_0_to_7cm,1.9128103739508047,2.331917247354849,32.35252658960187
Wetland,68.38199999999999,-149.095,soil_moisture_0_to_7cm,0.012124216577540618,0.010573084509094357,0.028430915786947456
