round,arch,n_workers,rmse,r2,gamma,mean_uncertainty,worker_uncertainties,worker_angle_scales,alphas,betas,worker_losses,time_r2,time_rmse,elapsed
1,SpatialMamba,8,1.5826746225357056,0.9515586878954957,0.7824574307661446,0.7946184615747693,"[0.7785472890066788, 0.7877943788352079, 0.7506511839151372, 0.7771988149867525, 0.758141311945385, 0.8475009339061418, 0.8227615215264902, 0.8343522584763621]","[2.1278069235165358, 1.8535562533744052, 2.0852507850462056, 1.695386119753121, 1.9462340660431252, 2.085250785046205, 1.695386119753122, 1.946234066043125]","[0.12480083060132825, 0.12474920249964842, 0.12474920249964842, 0.12474920249964842, 0.12562573800588134, 0.12474920249964842, 0.12524883852878735, 0.1253277828654093]","[0.9294254699409539, 0.939138051310606, 0.9273318022424941, 0.9407228116703361, 0.9388099674049145, 0.9252521312742876, 0.9339854441186065, 0.926370355285413]","[0.9428353309631348, 0.35518375039100647, 0.3377000391483307, 0.5515981912612915, 0.6271228790283203, 2.2332277297973633, 0.05330723151564598, 0.337100625038147]",0.9515586878954957,1.5826746225357056,285.2900912761688
2,SpatialMamba,8,1.5789616107940674,0.9517857056016729,0.7847614129978872,0.7675127882601505,"[0.7297363086211506, 0.7246819527122011, 0.6968366520144376, 0.791396249725147, 0.8178840411769123, 0.7289161034533247, 0.8335774904207662, 0.8170735079572643]","[2.3937827889561025, 2.2341972696923627, 2.0852507850462056, 1.9462340660431248, 2.393782788956101, 1.9859531286154335, 1.8164851283069168, 2.2797931323391456]","[0.12481261896771688, 0.12481261896771688, 0.12481261896771688, 0.12495829031420554, 0.1253967576753888, 0.12481261896771688, 0.12558185717182116, 0.12481261896771688]","[0.9252067237876939, 0.9431864781493572, 0.9464541219218405, 0.9389943524172588, 0.9258172823588935, 0.938828604755102, 0.9285402695190397, 0.9219281245956842]","[0.8377578258514404, 1.256019949913025, 1.4465457201004028, 0.5803651809692383, 2.9986495971679688, 2.477849245071411, 0.0581660121679306, 2.3777382373809814]",0.9517857056016729,1.5789616107940674,285.66903042793274
3,SpatialMamba,8,1.5753024816513062,0.9520089196133761,0.7835769381668211,0.7814477862726937,"[0.7231384630942447, 0.7650510356736653, 0.7147963216169522, 0.742783599411608, 0.8010148861552102, 0.8729485788980937, 0.7965365999999198, 0.8353128053318565]","[2.127806923516534, 1.5823603784362466, 2.085250785046206, 1.8535562533744039, 2.0852507850462048, 2.234197269692363, 2.0852507850462043, 1.9462340660431259]","[0.12496121216758514, 0.12475296993245573, 0.12475296993245573, 0.12475296993245573, 0.12475296993245573, 0.12552441429858086, 0.12574952387155536, 0.12475296993245573]","[0.9337418635437845, 0.9594943503023328, 0.9399662251792522, 0.9391966848115846, 0.9337351722269324, 0.9198416446813545, 0.9204562993224065, 0.9252387421976194]","[0.8554604649543762, 1.2960315942764282, 3.5229148864746094, 0.6929489970207214, 2.3647990226745605, 0.2003210186958313, -0.015005462802946568, 1.4013596773147583]",0.9520089196133761,1.5753024816513062,286.70738077163696
4,SpatialMamba,8,1.571937918663025,0.9522136994285098,0.7843723937371643,0.7720894854451255,"[0.822182022442538, 0.7067769324170221, 0.754062887059159, 0.7901059550641986, 0.7660819556752742, 0.7698803395183126, 0.8040833384432798, 0.7635424529412189]","[2.2341972696923627, 2.1278069235165353, 2.0852507850462056, 2.393782788956101, 1.8164851283069163, 2.1278069235165358, 1.8164851283069159, 2.5647672738815377]","[0.12477021657623164, 0.12522365516850073, 0.1253876538459455, 0.12477021657623164, 0.1253148896286971, 0.12477021657623164, 0.12499293505193013, 0.12477021657623164]","[0.9276134671815843, 0.9284480454125096, 0.9348098782540122, 0.9234264050660044, 0.9452204703434393, 0.9301986265045113, 0.9530228077682351, 0.9266578132489954]","[0.4030723571777344, 0.09804289788007736, 0.2688949704170227, 5.165779113769531, 0.3634151220321655, 0.538536548614502, 2.349383592605591, 1.983953833580017]",0.9522136994285098,1.571937918663025,286.8222632408142
5,SpatialMamba,8,1.568490982055664,0.9524230354145261,0.7862357592019639,0.7501675388004243,"[0.733690924682866, 0.7167815924271025, 0.7293899974377783, 0.7712875608324774, 0.797535505789312, 0.74576789444374, 0.7554766607172515, 0.7514101740728666]","[1.6146534473839254, 2.2341972696923627, 1.695386119753121, 1.8164851283069154, 1.8164851283069172, 1.9462340660431243, 1.582360378436246, 2.234197269692362]","[0.1256378622911654, 0.12523480339947754, 0.12464891739662955, 0.12536169917454767, 0.12502311627038726, 0.12474485353647227, 0.12469983053469078, 0.12464891739662955]","[0.9538150504776544, 0.9263206625982728, 0.9419049502384417, 0.9277270677829474, 0.9286799331250518, 0.9278570435017596, 0.9390747230311242, 0.9196936407973811]","[0.07261740416288376, 1.056231141090393, 1.8248085975646973, 0.624870777130127, 0.9169731140136719, 0.9970359206199646, 0.7045567631721497, 0.1471071094274521]",0.9524230354145261,1.568490982055664,286.6380617618561
6,SpatialMamba,8,1.5649694204330444,0.9526364377240373,0.783396803382065,0.7835670190345303,"[0.788575364459289, 0.721676608985557, 0.7405964343673144, 0.7554681507904702, 0.8102780114056854, 0.8522249111175618, 0.809930431915507, 0.7897862392348578]","[1.8164851283069166, 2.6171094631444265, 2.7479649363016474, 2.3937827889561025, 1.816485128306915, 2.2341972696923618, 1.9859531286154335, 1.8164851283069166]","[0.12490206948474397, 0.12490206948474397, 0.12490206948474397, 0.1256855136067921, 0.12490206948474397, 0.12490206948474397, 0.12490206948474397, 0.12490206948474397]","[0.9610077443489387, 0.9264766493409781, 0.928812922461856, 0.9293100101413779, 0.9449717759935189, 0.9145419701665833, 0.9328781074865548, 0.9389646096933569]","[1.9938329458236694, 1.679412841796875, 0.3542402684688568, 0.529697597026825, 0.8359513878822327, 0.8426508903503418, 2.3725526332855225, 0.2966881990432739]",0.9526364377240373,1.5649694204330444,286.35444021224976
7,SpatialMamba,8,1.561646819114685,0.9528373371216123,0.784659881866578,0.7687072721579057,"[0.7708854747544965, 0.7198117543177689, 0.7151539042644285, 0.7265904164531757, 0.8081279671430945, 0.8109429988893256, 0.778490796246559, 0.8196548651943969]","[2.2341972696923613, 1.476869686540497, 1.8164851283069163, 1.9859531286154335, 2.026482784301463, 1.9462340660431245, 1.5823603784362463, 2.3937827889561025]","[0.12507764832422488, 0.12485544009725509, 0.12485544009725509, 0.12485544009725509, 0.12485544009725509, 0.12485544009725509, 0.12578971109224454, 0.12485544009725509]","[0.9203111681267218, 0.9681486219639814, 0.9440254340218015, 0.9300789442695545, 0.9282735566624998, 0.9252146503025573, 0.9486097394763525, 0.9183157070527809]","[0.09993493556976318, 1.171039342880249, 1.5137052536010742, 0.6027621030807495, 0.7829537391662598, 0.46609339118003845, -0.03515106812119484, 1.614925742149353]",0.9528373371216123,1.561646819114685,285.4100453853607
8,SpatialMamba,8,1.5584654808044434,0.9530293041815828,0.7823499581233332,0.7958828456078446,"[0.8372238179999849, 0.7990292719069625, 0.7627856025251031, 0.7428375680652715, 0.8161261586578347, 0.817517893809531, 0.806352244055585, 0.7851902078424838]","[2.747964936301649, 2.085250785046205, 2.0852507850462048, 1.8164851283069168, 2.2341972696923618, 1.946234066043124, 2.085250785046206, 2.234197269692362]","[0.12482051447645252, 0.12482051447645252, 0.12542783741338476, 0.12482051447645252, 0.1252874912996378, 0.12482051447645252, 0.12518209890471488, 0.12482051447645252]","[0.9174704430519522, 0.9447072895059834, 0.9390455852404415, 0.9628486436117671, 0.9156978921499622, 0.9443922676284217, 0.935197586113929, 0.9307762970044902]","[2.529428243637085, 1.7428398132324219, 0.2603682577610016, 1.0723763704299927, 0.1387401670217514, 0.6537047028541565, 0.413464218378067, 0.7231619954109192]",0.9530293041815828,1.5584654808044434,287.01555848121643
9,SpatialMamba,8,1.5551731586456299,0.9532275477800682,0.7858600329238136,0.7545878479551336,"[0.7385902238413942, 0.7068564502912588, 0.737919550993191, 0.7248424774007901, 0.7917057524298075, 0.7620390378693591, 0.8104430892915779, 0.7643062015236894]","[2.234197269692362, 2.5647672738815386, 1.9859531286154333, 2.3937827889561016, 2.234197269692362, 1.3784117074377968, 1.8164851283069159, 2.0852507850462048]","[0.1253175429512783, 0.12473173310689889, 0.12486969100044551, 0.12453514688840897, 0.1250609670953134, 0.12551021894578884, 0.1254395531234571, 0.12453514688840897]","[0.9246054913906979, 0.9238609736779682, 0.9477161619395901, 0.9252043011659244, 0.918510501626971, 0.9638084043376933, 0.9370679943568105, 0.9404332704536508]","[0.0992795005440712, 0.8254544734954834, 0.31674787402153015, 0.434777170419693, 0.03617515042424202, 0.10789614170789719, -0.0031735810916870832, 0.6673385500907898]",0.9532275477800682,1.5551731586456299,286.44429564476013
10,SpatialMamba,8,1.5519378185272217,0.9534219552243133,0.7856801713645778,0.7567038662990844,"[0.7812946348016776, 0.6918067690364894, 0.6597094314722507, 0.7533952838008494, 0.7589766482641211, 0.8035781178621559, 0.8159950460575698, 0.788874999097561]","[2.0852507850462043, 1.8164851283069166, 1.5823603784362468, 2.2341972696923627, 1.8164851283069163, 1.9462340660431243, 1.9462340660431248, 1.6953861197531208]","[0.12482513344324586, 0.12474004265586323, 0.12536466309316494, 0.12474004265586323, 0.12538067312612985, 0.12474004265586323, 0.12546935971400647, 0.12474004265586323]","[0.9235220286758289, 0.9428704408728855, 0.9706940459605264, 0.9268934365947029, 0.9305085935256049, 0.9271483514471428, 0.9208196533280756, 0.9420490146250211]","[0.9568706154823303, 0.7560998797416687, 0.5363463759422302, 4.34236478805542, 0.15581457316875458, 4.146655082702637, -0.13546301424503326, 1.9978532791137695]",0.9534219552243133,1.5519378185272217,286.4799931049347
11,SpatialMamba,8,1.548681616783142,0.9536172066224912,0.7860955902408105,0.7518165854022281,"[0.753560152303774, 0.7087818186457383, 0.7423143301280822, 0.6602979098054732, 0.7661806330588852, 0.7515345332567521, 0.8192688034450605, 0.8125945025740594]","[1.9859531286154335, 2.0852507850462056, 2.0852507850462034, 1.946234066043124, 1.3395643415333303, 1.8913839320146986, 1.6953861197531213, 1.8164851283069157]","[0.12465042784344463, 0.12465042784344463, 0.12522518140976938, 0.1251268644938184, 0.12539636532484338, 0.12465042784344463, 0.1251448800083895, 0.1251554252328455]","[0.9305552727404331, 0.9297635755071477, 0.9280409465575479, 0.9568974937549648, 0.9641264086747126, 0.9234707065668897, 0.9322459027028847, 0.91566147302661]","[0.8757572770118713, 1.6884636878967285, 0.5206641554832458, 0.27243855595588684, 0.7542442679405212, 0.30757617950439453, 1.5365447998046875, 0.11076271533966064]",0.9536172066224912,1.548681616783142,285.7910451889038
12,SpatialMamba,8,1.545348048210144,0.953816665986782,0.7857678001799654,0.7556729390592303,"[0.6905898302299388, 0.7082933570788531, 0.700090535794731, 0.7860074155820684, 0.7263812366975755, 0.7641778123884947, 0.8296900279988952, 0.8401532967032851]","[1.6953861197531221, 2.2341972696923627, 1.8164851283069157, 1.8164851283069163, 1.6953861197531217, 1.9462340660431243, 2.1278069235165353, 2.234197269692362]","[0.1246972293707653, 0.1246972293707653, 0.1252409298439124, 0.12528266152355147, 0.12546939370941806, 0.12502346183381818, 0.12489186497700393, 0.1246972293707653]","[0.9444467867157604, 0.9346701875181508, 0.9439416032340584, 0.9366990524981932, 0.9485440023813412, 0.9337863884870328, 0.9181049428718513, 0.916219550525183]","[0.3236464858055115, 1.3285071849822998, 0.031138474121689796, 0.49966731667518616, 0.6710476875305176, 0.9715086817741394, 0.06703689694404602, 0.8919976353645325]",0.953816665986782,1.545348048210144,284.97851729393005
13,SpatialMamba,8,1.5421439409255981,0.9540079838514195,0.7846688515243655,0.7686017467721711,"[0.6980040357108008, 0.798651689789152, 0.7050580492936159, 0.7869863728011416, 0.7973026204850637, 0.7023175933465073, 0.8430055444761443, 0.8174880682749432]","[1.8164851283069163, 1.8164851283069159, 2.747964936301649, 2.2341972696923627, 2.0852507850462056, 1.946234066043124, 1.8164851283069157, 2.085250785046206]","[0.1253237670652822, 0.12503183520239797, 0.12470193779637595, 0.12521221029942087, 0.12561157505702356, 0.12470193779637595, 0.12470193779637595, 0.12471479898674764]","[0.9548566248192374, 0.9313202518770943, 0.9290775359522908, 0.9231725098897005, 0.928702421933389, 0.9363823259467954, 0.9425727224182985, 0.9269931816832797]","[0.13819295167922974, 0.25547629594802856, 1.111262321472168, 0.024838117882609367, -0.039774391800165176, 1.815137505531311, 0.8723437190055847, 0.3222438097000122]",0.9540079838514195,1.5421439409255981,287.812618970871
14,SpatialMamba,8,1.5392240285873413,0.9541819800042172,0.7829328778618346,0.7890249663313569,"[0.7332707611749751, 0.7336682066225366, 0.8021358251953492, 0.69336232183489, 0.8395887345925581, 0.804709000678783, 0.9290621662187616, 0.7764027143330016]","[2.393782788956102, 2.1278069235165353, 1.8535562533744032, 2.234197269692361, 2.2341972696923635, 2.8040458533690304, 2.0852507850462048, 2.085250785046205]","[0.1248858290205667, 0.1250056545876813, 0.1254117391906827, 0.1251534611188025, 0.1248858290205667, 0.1248858290205667, 0.1248858290205667, 0.1248858290205667]","[0.9410386555029043, 0.9419129288780951, 0.9527001637694792, 0.9448166533189918, 0.9378717634659286, 0.911026960909345, 0.9210176893371523, 0.9383437208114981]","[1.2042566537857056, 0.13128447532653809, 0.014766351319849491, 0.19843943417072296, 1.983700156211853, 0.9711616635322571, 2.342865228652954, 0.22460252046585083]",0.9541819800042172,1.5392240285873413,286.9492769241333
15,SpatialMamba,8,1.536041259765625,0.9543712647071072,0.7842476163367273,0.7735574548620304,"[0.765985493521046, 0.7319488544993091, 0.7785310489773911, 0.7688648764340374, 0.8083625669806216, 0.8290893838036343, 0.7636450331302518, 0.7420323815499521]","[1.9462340660431248, 1.9859531286154333, 1.9859531286154328, 1.9462340660431239, 2.085250785046205, 2.393782788956103, 2.2341972696923618, 1.6953861197531215]","[0.12485956923083974, 0.12485956923083974, 0.1252995323259458, 0.12485956923083974, 0.12485956923083974, 0.12485956923083974, 0.12485956923083974, 0.12554305228901583]","[0.9363556310448685, 0.945771377155938, 0.9302161649140399, 0.9473722136981721, 0.9302594279087371, 0.917319626022208, 0.9224717259600665, 0.9488801566508499]","[0.4743856191635132, 0.9622462391853333, 0.07873711735010147, 2.0096628665924072, 8.276993751525879, -0.013503278605639935, 1.0904146432876587, 0.6173978447914124]",0.9543712647071072,1.536041259765625,284.22209644317627
16,SpatialMamba,8,1.533023715019226,0.9545503717977083,0.7844067594855204,0.7716851825232882,"[0.7021758016832088, 0.7640132958225623, 0.7914327052793615, 0.6928394637742177, 0.7613998244039725, 0.8001593543074176, 0.8255392411111424, 0.8359217738044231]","[2.0852507850462043, 1.6146534473839262, 2.2341972696923618, 2.085250785046205, 1.8535562533744054, 1.8164851283069159, 1.8164851283069157, 2.2341972696923627]","[0.12473084720236786, 0.1248674304455177, 0.12486485718457632, 0.12473084720236786, 0.12569440704643847, 0.1256499165139961, 0.12473084720236786, 0.12473084720236786]","[0.9306560413997026, 0.9394211398459866, 0.9214644199829705, 0.9399694083505232, 0.9408992890435959, 0.9428183429341378, 0.9364640133145574, 0.918201874335434]","[1.5370731353759766, 0.22392995655536652, 0.13725580275058746, 0.2140364646911621, -0.06409565359354019, 0.09838926792144775, 1.2371875047683716, 1.3516144752502441]",0.9545503717977083,1.533023715019226,283.1246428489685
17,SpatialMamba,8,1.5298444032669067,0.9547386856584866,0.7845975093467857,0.769441066508403,"[0.6759179506832835, 0.7437850634420938, 0.758769909084082, 0.7383846855849628, 0.84412021632095, 0.8053112430734484, 0.8082826985796155, 0.7809567652987879]","[1.7299858364827772, 1.8164851283069159, 2.2341972696923613, 1.9462340660431245, 2.0852507850462056, 2.0852507850462048, 2.085250785046205, 1.8535562533744043]","[0.12486320501743359, 0.12511525939905457, 0.12484336658170343, 0.12484336658170343, 0.12484336658170343, 0.12540340135327846, 0.12484336658170343, 0.1252446679034197]","[0.947547350093322, 0.9436086695566042, 0.9244653609035731, 0.9345183497588011, 0.9268618586327437, 0.921572676404196, 0.931309027077264, 0.9431636748175218]","[0.5288970470428467, 0.17704086005687714, 0.18103952705860138, 0.31820419430732727, 1.583701729774475, 0.15708769857883453, 1.283270239830017, 0.30630549788475037]",0.9547386856584866,1.5298444032669067,285.55091619491577
18,SpatialMamba,8,1.5267257690429688,0.9549230276241821,0.7857214831990214,0.7562178447173947,"[0.7187656752738134, 0.7536200592001472, 0.7270228141867865, 0.7527086638529417, 0.726440895974433, 0.7905972789749484, 0.7542788372098874, 0.8263085330662007]","[1.816485128306917, 2.085250785046205, 2.0852507850462048, 2.564767273881538, 2.234197269692364, 1.9462340660431239, 2.2341972696923613, 1.6953861197531215]","[0.12516503856085628, 0.12463397374140789, 0.12538917484205261, 0.1250282249271834, 0.12535533093584286, 0.12463397374140789, 0.12516030950984114, 0.12463397374140789]","[0.9474845652999841, 0.9324739293134776, 0.9368349618263163, 0.9148057211437743, 0.9343268627925339, 0.9339152408826364, 0.930405290792836, 0.9428210825924005]","[0.32058167457580566, 0.666297197341919, -0.05119948461651802, 0.48009157180786133, -0.05360408499836922, 4.790811061859131, 0.049332424998283386, -0.05437597632408142]",0.9549230276241821,1.5267257690429688,283.8243408203125
19,SpatialMamba,8,1.5237797498703003,0.9550968260674919,0.7853690485525582,0.7603641346757859,"[0.7578402652060113, 0.7021923971692364, 0.7346381009120142, 0.6999809564250635, 0.699363024519956, 0.845041051865403, 0.8038700163707055, 0.8399872649378969]","[2.3937827889561016, 1.816485128306916, 1.6953861197531215, 1.9859531286154335, 2.0852507850462034, 2.564767273881538, 1.853556253374404, 2.2341972696923613]","[0.12475584045567029, 0.1250867269279702, 0.1254034242012164, 0.12475584045567029, 0.12475584045567029, 0.12515234931342953, 0.12475616275536336, 0.12533381543500974]","[0.9258946263905836, 0.9611801385759919, 0.9556395202967626, 0.9574503586624561, 0.9418461188850499, 0.9076192366198016, 0.9422191931720376, 0.9187625858813665]","[0.9262928366661072, 0.15129119157791138, 0.14078789949417114, 2.571613073348999, 1.9187740087509155, -0.017397942021489143, 1.1030880212783813, -0.11571452766656876]",0.9550968260674919,1.5237797498703003,285.87053203582764
20,SpatialMamba,8,1.5207407474517822,0.9552757561048204,0.7853379960212382,0.7607294585736672,"[0.7007936797491345, 0.7675302018420547, 0.731013401729038, 0.7395868276081825, 0.7455073112074772, 0.820178748910864, 0.8142701438210341, 0.7669553537215534]","[1.4352475087857113, 2.393782788956102, 1.946234066043123, 2.564767273881538, 1.5823603784362459, 2.0852507850462048, 2.3937827889561025, 2.2341972696923635]","[0.12480894366940147, 0.12480894366940147, 0.125262304766513, 0.12480894366940147, 0.12480894366940147, 0.1258840332170782, 0.12480894366940147, 0.12480894366940147]","[0.9887347659418582, 0.918830868751342, 0.9451295611308123, 0.9157088221771289, 0.9782240626512485, 0.9210359552174519, 0.9192960103275349, 0.9340816936942384]","[0.028192905709147453, 0.8089244365692139, 0.31441381573677063, 0.34095820784568787, 2.1296987533569336, -0.10790619254112244, 2.043030023574829, 2.2293102741241455]",0.9552757561048204,1.5207407474517822,284.2536668777466
21,SpatialMamba,8,1.517812728881836,0.9554478135242827,0.7843265520652777,0.7726287992320264,"[0.7323243280354959, 0.793809255446906, 0.750726617220096, 0.7665466201471289, 0.7881544759882146, 0.7606858396864119, 0.7820021044065086, 0.8067811529254502]","[1.8164851283069168, 2.3937827889561025, 2.0852507850462065, 2.0852507850462056, 2.5647672738815395, 2.442635498934798, 2.5647672738815386, 1.582360378436247]","[0.12521964107912661, 0.1251181522505854, 0.1248693724156662, 0.125105137628609, 0.12468489296228341, 0.12518905781734846, 0.12512885288409747, 0.12468489296228341]","[0.9689345312008123, 0.9245647788794883, 0.9425434393606454, 0.9382979184160857, 0.9176205500585304, 0.9246765180250301, 0.925761348091427, 0.9478587982660326]","[0.21201671659946442, 0.459606796503067, 0.47687315940856934, -0.044537801295518875, 1.7969279289245605, 0.4841454327106476, 0.5858818292617798, 0.26305556297302246]",0.9554478135242827,1.517812728881836,283.6834726333618
22,SpatialMamba,8,1.5148613452911377,0.9556209096562778,0.7873312059514733,0.7372799299826673,"[0.7053568519286355, 0.6824935126103193, 0.7740243680399881, 0.6839672735398856, 0.7697536021955415, 0.7047952014145631, 0.7931386842678977, 0.7847099458645078]","[1.816485128306917, 2.2797931323391456, 2.0852507850462056, 1.6953861197531217, 2.2341972696923627, 1.8164851283069159, 2.234197269692361, 2.393782788956102]","[0.12501324140431244, 0.1253048590025342, 0.12479386122442528, 0.1252993143669845, 0.12475015261236387, 0.12475015261236387, 0.12475015261236387, 0.12533826616465196]","[0.9495244504227747, 0.9265484961114311, 0.9316994507411873, 0.9536843361583168, 0.9251727837735889, 0.9595056744214131, 0.9189066429918618, 0.9220396955052532]","[0.10426020622253418, 0.08525127917528152, 0.7175040245056152, 0.06717730313539505, 1.3421446084976196, 5.052435874938965, -0.07324729114770889, -0.023853568360209465]",0.9556209096562778,1.5148613452911377,283.48684334754944
23,SpatialMamba,8,1.5119622945785522,0.955790609316326,0.7854017158962032,0.7599798129858443,"[0.701945204511628, 0.708081507638626, 0.6861498592990182, 0.7804983081607746, 0.8336668148851387, 0.7795677077407561, 0.7919886989579694, 0.7979404026928428]","[1.816485128306916, 1.9859531286154326, 1.582360378436246, 2.7479649363016487, 1.6953861197531217, 2.5647672738815377, 1.6953861197531217, 2.234197269692362]","[0.12485762061158637, 0.12485762061158637, 0.12485762061158637, 0.12529484338549798, 0.12485762061158637, 0.12515313439565134, 0.12485762061158637, 0.12526391916091875]","[0.9490865613846666, 0.9500232418363919, 0.9773913653131001, 0.9092139198218924, 0.9410642910264192, 0.9160320565458226, 0.9633762050740926, 0.9176639418335193]","[1.1023789644241333, 0.8400787711143494, 0.42813840508461, 0.2812539041042328, 0.4821367561817169, 0.29590344429016113, 2.7689645290374756, 0.65059894323349]",0.955790609316326,1.5119622945785522,285.40013885498047
24,SpatialMamba,8,1.5090810060501099,0.9559589427152871,0.7835878708180319,0.7813191668466823,"[0.7268338435871188, 0.8126704639726167, 0.7485000520921459, 0.7736159216147649, 0.8144158791355202, 0.768563734928538, 0.8027612421116378, 0.8031921973311167]","[2.2341972696923613, 1.9462340660431239, 2.0852507850462043, 1.5070098842249966, 2.5647672738815372, 2.234197269692362, 1.8164851283069163, 1.8164851283069163]","[0.12479207520650162, 0.12479207520650162, 0.1250209858163867, 0.12479207520650162, 0.12479207520650162, 0.12523255369537062, 0.12553904301226704, 0.12503911664996917]","[0.9290594775730241, 0.9330567256217966, 0.9376306810038683, 0.9564836208415302, 0.9152232034921034, 0.9257099379806437, 0.9452980605424659, 0.93820403525926]","[0.36183497309684753, 2.4925358295440674, 0.3404691517353058, 3.82340931892395, 1.4044538736343384, 0.5579938292503357, -0.20286214351654053, 0.5797632336616516]",0.9559589427152871,1.5090810060501099,283.55087423324585
